-1.26047096028924,0.809496143832803
0.293305339291692,-1.32779231853783
1.77535735536367,1.77389983460307
-1.48336409311742,1.33379526250064
-0.127925937995315,0.199934966862202
0.210696267895401,-1.04442096222192
1.04205325245857,-1.27671959716827
-0.378871275112033,1.41419381182641
1.90559395775199,-1.09669815562665
-0.220763083547354,-1.70008230116218
0.647595033980906,-0.449801829643548
1.34755670744926,-1.39799423702061
-0.610911004245281,-0.0449070744216442
-1.40301254857332,-0.571749639697373
1.8505761930719,-1.47051198687404
-1.95834189839661,-1.34143103193492
1.24076857790351,1.47544414736331
0.0571270519867539,0.508785146288574
1.37771601229906,-0.860517702996731
0.668902590870857,-1.39812099188566
1.92691144905984,-0.811957059428096
-1.53966369852424,-1.34719651285559
1.77616723254323,1.17945529427379
1.89875159040093,-0.603646357543766
0.00787952356040478,1.24158905074
-1.97156384773552,-1.94122435618192
0.733613691292703,1.71888088714331
-0.898395205847919,1.24743878189474
1.14351565111428,1.95560862217098
0.455811638385057,0.840742920525372
1.0801114263013,1.54793662857264
0.500486918725073,-0.958799858577549
1.43629247136414,-0.250047991983593
-0.447420969605446,-0.153995579108596
-1.12529922649264,-1.73625795822591
-0.897195893339813,-0.758475610055029
-1.8312978958711,-1.26130614709109
-1.26650708727539,1.0218496657908
-0.847761071287096,1.47137864958495
-0.389429056085646,0.290740014053881
-0.597429700195789,0.687995713204145
-1.89979857392609,-0.395595848560333
-1.20009388029575,1.42610000353307
1.8860617140308,-0.705110252834857
0.932765733450651,-0.639727039262652
1.90702073834836,-0.411934352479875
-0.480004482902586,0.241550520993769
-0.144767283461988,-1.21289269346744
-0.292226389050484,-1.62789925001562
-1.53876349236816,-0.239873383194208
-1.19626108184457,-0.289443708956242
1.92239992693067,1.31568850204349
-0.852104580029845,0.383667587302625
1.59588778484613,-0.186491998843849
-1.4103288827464,-1.48529206961393
-1.90137464925647,0.94524549972266
-0.506565742194653,0.297507761977613
1.30131205357611,1.25478269532323
1.49078536126763,-1.5577804017812
1.81080094724894,0.276008323766291
-1.85252611711621,-1.01883633434772
1.91553919669241,1.54294892959297
-1.03606840875,1.0288462806493
0.251346074976027,-0.779587619006634
0.774616347625852,-0.656217584386468
-1.17556222248822,1.67710502352566
-1.90875020064414,1.85503897815943
-0.736539025790989,0.662433669902384
0.134173213504255,1.27118687797338
-1.2589459605515,-0.40192979387939
-1.28618695866317,-0.858263157308102
0.517879308201373,-0.799598873592913
-0.225304153747857,0.920803760178387
0.672654146328568,-0.753371994942427
-0.0856876680627465,-0.834359396249056
-1.27130314614624,-0.55694966763258
1.61520012374967,-0.423809530213475
1.11952210962772,-0.863364214077592
1.4148830678314,-1.31103012617677
-1.68294327147305,-0.831740090623498
1.36148471105844,1.78107232227921
-1.82013919949532,1.03353163041174
-0.81244800798595,0.604217755608261
-1.6600408628583,1.90192430000752
-1.94550027418882,0.155477806925774
1.86312720645219,-1.59570622351021
-0.97299462929368,1.58058888465166
-0.448223236948252,1.17714177910239
-0.602412960492074,-1.44502277299762
0.602035934105515,0.176017231307924
1.78097618930042,0.286982986144722
1.8145343568176,1.12101199477911
-1.52686218265444,1.34844723530114
-1.65136272925884,0.994399850256741
-1.73927337117493,-1.68921772297472
-1.57966492604464,-0.373254579491913
1.89985805284232,-1.34066601656377
0.0122009422630072,-1.19378318451345
-1.20111260656267,-1.28745955508202
-0.904533272609115,-1.477519037202
1.43476634565741,0.58064144756645
0.411194663494825,1.88792284764349
-0.493371065706015,1.27645794861019
-1.09304496180266,-1.17396599054337
-1.2228432232514,-1.03772717807442
1.91888788808137,0.0970006035640836
1.30548288300633,0.683541983366013
1.91085934732109,-1.769406192936
-0.653035370633006,-1.949571961537
-0.548574857413769,-1.1612227987498
-1.39151745755225,1.74324963893741
-0.39562816824764,-0.0566542176529765
0.725945784710348,1.41614194586873
1.65166868735105,-0.0965695679187775
0.854721198789775,1.31901392154396
0.703191418200731,-0.641193388961256
1.5633196067065,0.115317037329078
1.49734988249838,-0.96537228859961
0.169784263707697,-1.13599517848343
-1.13311763945967,-0.103836830705404
1.57093611359596,-0.793132159858942
0.220875918865204,1.02086486667395
1.82570169679821,1.81724594347179
-0.666541106067598,0.0667364224791527
-1.40724163502455,-0.572721604257822
0.818265260197222,-1.67837743647397
-0.993756496347487,-1.79425871372223
0.954101210460067,-1.94496597070247
-1.83058065082878,-0.8727194853127
-1.83713355939835,0.529122089967132
1.01936533302069,-1.7962139705196
0.518655414693058,-0.571564216166735
1.23256562650204,0.686656965874135
-1.9124513939023,0.75815586745739
1.54941843450069,0.148837058804929
1.5401054341346,1.65669804345816
1.39591978862882,-0.825963056646287
1.13674564659595,-0.0251920372247696
1.93029597308487,-1.02719567716122
-1.70800192188472,-1.07337361387908
-0.880353233776987,1.8838412752375
0.635983126237988,0.680448537692428
-1.16064589004964,1.9624898089096
0.136352402158082,0.297490910626948
1.08895894605666,-0.571642276830971
-0.973355072550476,-0.734216494485736
0.977774451486766,-0.00133609771728516
0.835236741229892,-0.34041419159621
-1.16035513579845,-1.67654940579087
-1.36283952649683,0.0163584304973483
1.34176268894225,-0.0502000683918595
-0.269072433933616,1.52276633866131
1.05964685603976,-1.78055605385453
-1.20312895718962,0.747298754751682
1.59700286015868,-1.81704524066299
-1.64152763038874,-0.236492762342095
1.11186259053648,-1.43965962529182
0.714994770474732,-1.80960796121508
0.422591023147106,-0.19942223187536
0.991123364306986,-1.29140190780163
0.619428462348878,-1.34356619883329
-0.953145111910999,-1.61985045857728
-0.422159349545836,-1.14712707325816
0.562125601805747,-0.969521374441683
-1.62154382839799,-1.71840663440526
-1.24657478742301,1.49255394935608
1.92441437765956,-0.436321196146309
-1.92840595543385,-1.82182158436626
-1.56894298642874,0.281203798018396
1.35607503727078,1.26011930406094
1.44739393610507,1.4126672744751
1.19801753945649,-1.92107270937413
0.0906843850389123,-0.545952661894262
0.507939266040921,1.66367162484676
-1.26871812064201,-0.205638726241887
-0.971434856764972,0.376474257558584
-0.414058092050254,1.49441763199866
-1.30007583834231,1.23804159741849
1.17689110804349,0.419537042267621
-1.79135899152607,0.765289126895368
-1.39435887522995,-1.19770404603332
-1.58605154044926,-1.94935256801546
0.610156413167715,-1.03184100147337
-1.4842586517334,-1.7667081085965
0.827315914444625,-1.87779045198113
1.52129676379263,-1.93475550692528
0.0402546841651201,0.57734417449683
0.787080071866512,0.631732887588441
-0.973917835392058,1.99108966067433
0.770974045619369,-1.7973986659199
-1.59333846811205,-0.0793352387845516
-0.122388804331422,-0.935216382145882
-1.6429557595402,0.445842939428985
-0.42001070920378,0.158476372249424
1.44642383232713,1.00963034946471
1.03285441547632,1.69558421242982
-0.684120610356331,-1.37449634727091
-1.13921472616494,-1.5487058814615
-1.21686230134219,1.43064411077648
-1.08917134720832,1.06808373983949
0.468568652868271,0.276256510056555
-1.38411820493639,-1.86066713836044
1.99181382730603,1.34229473397136
0.34624810796231,-0.643533296883106
-1.33246624749154,1.22964060399681
0.597803208976984,0.822448963299394
-0.194037324748933,-1.71113034989685
-0.548144415020943,0.588170276023448
0.902272472158074,-0.310133223421872
0.365796233527362,1.19159822817892
1.39044892694801,-1.99734711460769
-0.800067219883204,0.775547572411597
1.85507657937706,-1.4809414697811
-1.69696756545454,0.27018471993506
0.220603724010289,-1.75356984045357
0.696689249947667,1.65606955625117
1.5510954875499,-0.700787821784616
-1.62931338418275,1.32446249574423
-1.49111719429493,1.47477821819484
1.81238590925932,-0.00342778395861387
0.618955188430846,-1.22482893243432
1.05142334476113,0.189666198566556
-1.1446717325598,0.767067747190595
1.89125363808125,0.224580365233123
0.11231307964772,-1.13362397346646
0.722261026501656,0.984067333862185
-0.143190487287939,-1.4503277502954
1.25751844979823,1.32864503655583
-0.582759677432477,1.91493134759367
1.95214008912444,0.538636004552245
1.76860951259732,-1.94397015031427
-1.89867363963276,-0.0547253880649805
-0.92859207559377,1.05631622858346
-0.0477825365960598,0.987589384429157
-1.82973717804998,-0.23742868937552
-1.41573662497103,-0.232226818799973
-0.863543077372015,-1.70550302602351
0.741402897983789,1.179273837246
0.152837981469929,-1.90164869092405
-0.886720346286893,1.36378633510321
-0.130356744863093,1.04084563814104
1.99225630424917,1.11132300179452
1.51826831605285,-0.0258971443399787
0.834871781058609,-0.0497136218473315
1.12816366553307,1.6472454983741
-0.856031022965908,0.433484555222094
0.164001465775073,1.98580044787377
0.443379136733711,-1.15843296423554
-0.729615079239011,1.62344154156744
-0.706101168878376,0.243624448776245
0.768022186122835,0.239827670156956
-0.629235171712935,-1.06200999952853
-0.281588971614838,0.946802645921707
-0.501372790895402,-0.0452833352610469
1.20204680319875,0.732171826995909
0.742740881629288,-1.62140755262226
-0.477241597138345,-0.372109605930746
-0.448858969844878,0.367708012461662
1.34625877719373,0.082057774066925
-0.272054854780436,1.53891768120229
1.64146456867456,-1.78583968058228
-0.15670464746654,0.869312087073922
-0.505087738856673,-1.88036427367479
-1.88894727453589,0.795817554928362
-0.964789691381156,1.56272355746478
-1.6766359731555,1.82255429681391
1.8930770047009,-1.43936952855438
0.711223847232759,1.16478941217065
0.804222128354013,-0.912192592397332
-0.0585376750677824,1.5085409572348
-1.98695026151836,1.83248892705888
-0.0751736210659146,1.84061032254249
0.00755829550325871,-1.91059280000627
-1.55907839722931,0.99026442412287
0.396256129257381,1.12171873543411
1.78310036659241,-0.568414963781834
-0.0566695956513286,0.105722445994616
1.39343350287527,0.00464500952512026
-0.62175019364804,0.33159654494375
0.107223836705089,1.62799597345293
1.9164606994018,-1.94132164958864
0.967993812635541,-0.0901656756177545
1.59845342300832,-0.75150887016207
-0.940253270789981,0.207518106326461
1.64618101622909,-1.57029733899981
1.81118390895426,0.323569838888943
1.51819144189358,1.22719017509371
0.00986008532345295,1.34410209022462
1.61656303424388,-1.98995080310851
-0.14817195944488,-1.2246830035001
-1.48199321422726,-1.46951279323548
0.886057800613344,0.353639875538647
0.142096646130085,1.02816082164645
-0.368421918712556,-1.65100677777082
1.72637998498976,0.892728315666318
-0.553462008014321,-0.244856865145266
0.649053817614913,-1.87188253644854
-1.92808994557709,0.956478333100677
-1.65892589092255,-1.07946179993451
-1.01263411715627,-1.89208030886948
-0.499211925081909,-1.64561797957867
-0.495221103541553,-1.10076674167067
1.24695551674813,-1.43375894334167
-1.88125403784215,-1.10068337339908
1.0718817608431,0.550896123051643
1.14158051367849,-0.665554293431342
0.308984199538827,-0.981360174715519
1.28608500026166,-0.921415930613875
1.57112546171993,0.660464467480779
-1.00847315881401,1.93417918495834
0.787355764769018,0.667726286686957
-0.720732718706131,-0.622486303560436
-0.768745589070022,-1.9010228542611
-1.90323466528207,1.24190664384514
-0.861892833374441,-1.09613783471286
0.730897231958807,-0.480038921348751
1.5529571948573,0.587749369442463
0.187372716143727,0.660557580180466
0.140829582698643,-1.30075838696212
-0.318004009313881,-0.0320038860663772
-0.763854439370334,1.63882781099528
1.44828077685088,-0.890435522422194
1.28655759990215,0.477569486945868
0.569110618904233,0.993041144683957
0.464238594286144,-1.24044945649803
0.807704612612724,-0.299333318136632
1.33469985891134,-0.709673806093633
1.88737405557185,-0.136437377892435
1.73421535547823,0.52803557831794
-0.489657418802381,-1.50398437306285
1.31376011949033,0.0487657813355327
-0.139726469293237,1.69440426677465
-0.30721962172538,-1.909095720388
1.06829115841538,-1.88036247901618
1.3924811668694,-1.60038010776043
-0.482603004202247,-0.403952905908227
1.11233985703439,-1.89581845887005
-0.0342278005555272,1.37721628881991
1.72887835558504,1.46001330018044
0.691228911280632,-1.20272703934461
0.277804332785308,-1.33542913850397
0.60284473374486,-0.629851584322751
-1.60513043124229,-1.15062917396426
0.366157840006053,0.0696643441915512
1.05713083129376,0.682233192957938
-0.397039595991373,-1.74633957725018
-0.500540730543435,-1.75518075563014
1.34922152385116,-0.854490399360657
1.18493187613785,0.488831223919988
0.59625478554517,0.0959748364984989
1.70902658998966,1.5968435453251
0.989766399376094,0.22058401722461
-0.577245820313692,-1.77965656947345
1.75687635783106,-0.348491372540593
1.96030984539539,-1.9707882264629
1.67662861384451,-1.36243030522019
-1.30684219766408,-0.806650613434613
1.19064986333251,-1.15803639031947
1.07518286630511,0.14230727031827
0.196131324395537,-0.919500545598567
1.7602809695527,1.55630057770759
1.69067730475217,-0.792453283444047
-0.560446493327618,1.14294953085482
-0.762669950723648,1.99707977473736
-1.88113708235323,-0.778296289034188
-1.49111593794078,0.418650392442942
-0.704268359579146,1.76801704708487
1.51867588981986,-0.741663946770132
-0.502347313798964,0.0188889261335135
0.0664816545322537,-1.19948890991509
-0.280956800095737,-0.443139115348458
1.95534355845302,0.750169835984707
-1.15675606206059,-0.206252126023173
1.56308036483824,0.505124941468239
-0.0549547104164958,-0.839545470662415
-0.984622551128268,-0.435194885358214
-0.394206886179745,1.90165955014527
1.97738918382674,-0.361168484203517
0.251274419017136,-1.87543452903628
1.09594499599189,1.93960772641003
-0.662295863963664,-0.164117364212871
-1.07988032884896,1.68416052032262
0.22844210267067,0.451351312920451
-1.05080893822014,-0.127370988018811
1.62397781573236,0.336943044327199
-1.7691486729309,-1.26700160652399
0.0736362747848034,-0.422292580828071
-0.0455431472510099,-1.39413529261947
1.68476426973939,0.866280770860612
1.1860096110031,-0.522728611715138
0.290956449694932,-0.44310409296304
1.63922118209302,0.570977938361466
1.54152793996036,-1.72378194145858
1.23340382240713,-1.73007071111351
-0.185371455736458,-1.27957632020116
0.53654498141259,1.05295009724796
-1.3512147879228,-1.37375936843455
1.48111643549055,-1.12512884475291
0.36355201061815,0.803359059616923
1.28335952665657,0.869248033501208
-0.339023781940341,0.125755030661821
-1.98701514303684,-0.991601106710732
-1.37908431980759,1.51535916514695
-1.18595534842461,0.334113616496325
1.21789354551584,-0.941133670508862
-0.377029086463153,-0.478566205129027
-1.03619491681457,1.36827881727368
-1.97160258051008,-0.0943385381251574
1.49806286487728,0.267514607869089
0.00329846888780594,1.49808459915221
0.0971758291125298,-1.62979559134692
-1.46171398553997,-1.82791629992425
0.318109057843685,-1.70032373908907
-1.56303828302771,-1.89207799546421
-0.201371103525162,1.21111661661416
-1.62151689082384,-1.91309343464673
1.46398691739887,0.328815762884915
-1.37283904384822,0.0576140377670527
1.76985611580312,1.43629313074052
0.457886680029333,0.484917945228517
1.08082943689078,0.236893854103982
-1.58145940676332,-1.35708652157336
1.68407127913088,1.43531753867865
1.07347717508674,-1.91362709645182
1.60011923499405,-0.311777613125741
1.26248211227357,-1.33603830449283
0.80931817740202,-1.4136647619307
1.13460353575647,-1.1107787117362
-1.52813398931175,1.80250412039459
0.541309647262096,-0.118265178985894
-1.51830911356956,-0.0792205687612295
-0.527840711176395,1.63601058069617
-1.38850946351886,1.42216993775219
1.62952546868473,1.59943568054587
0.0597820216789842,-0.332878577522933
-0.123298205435276,-1.21097430307418
-0.680882105603814,1.82155690249056
0.339300104416907,0.474271102808416
-0.0188470911234617,0.0727450465783477
-0.699034514836967,0.211269546300173
-1.92886757384986,-1.77210939582437
-0.445062621496618,-1.55976314097643
-1.76762274093926,-1.22958057001233
0.466087539680302,0.374500527046621
0.390742716379464,1.62638306524605
-0.217904255725443,0.885144146159291
-1.04996699932963,-1.43081687577069
1.42662269435823,-1.69974725134671
-1.91329941246659,-1.51043351739645
0.774315096437931,-0.158126584254205
-0.91919501312077,-0.179619271308184
0.0419059097766876,-1.1213661422953
-0.399622967466712,0.916739532724023
-1.34462269768119,1.85376777779311
1.77255424205214,-0.567649072036147
-0.424205027520657,-0.975034315139055
-0.773609861731529,-1.47367030847818
1.9244452547282,0.394103288650513
0.994189521297812,-1.71222447417676
0.323425109498203,0.459732348099351
-0.0592742189764977,1.13294072262943
0.184705998748541,0.466439116746187
-0.404116494581103,-1.11641184892505
-1.00013535749167,-1.00511136744171
1.30764244031161,0.354239161126316
0.756026294082403,1.73687356431037
0.685650271363556,1.36238492559642
-0.111538524739444,0.185352318920195
1.61410853266716,1.87707008328289
-1.65191383380443,0.391063123941422
1.75980842765421,-1.49373451247811
1.7050468120724,-1.9019399350509
1.29346608091146,1.28252525348216
-1.61774708516896,-1.76129524968565
0.435826564207673,-0.567524887621403
-1.15162218455225,0.473742020316422
-0.587529527954757,1.37776936683804
-0.910459017381072,1.85001107491553
-1.96956579387188,-0.015822496265173
-0.784144261851907,-1.60012897942215
-1.43245875835419,1.61219834536314
0.218517124652863,0.376208445988595
-1.25842291582376,1.53363344818354
-0.125244073569775,1.83875987492502
1.77894929144531,-0.741025109775364
-1.5428412547335,0.102018631994724
-1.80708318203688,1.09128737915307
0.110573408193886,0.698046630248427
-1.31393226888031,1.81344587821513
-1.31698556244373,0.637587868608534
1.22927687782794,-1.34646200295538
0.251947978511453,-0.351142155006528
1.61010228376836,-0.1796481506899
-1.44364025630057,1.19236186519265
0.611028508283198,-0.0881467908620834
-0.0415410390123725,1.67376200016588
-1.58179788012058,-0.434538339264691
-1.30113051086664,-1.13296094443649
-0.311853220686316,1.93963172566146
0.226264433935285,-1.28351461794227
-0.708665227517486,-1.82126700691879
0.926751899532974,-0.0303074792027473
-1.05747002363205,-1.4958619736135
-0.880902571603656,1.68723184242845
0.34253038559109,-0.596705750562251
1.57373006269336,-0.899821089580655
-1.11490914504975,-0.795016502961516
1.54978863056749,-1.31652808748186
-1.49502908904105,-1.41885406617075
1.71697239484638,-1.78915038891137
-1.73402499128133,1.16070762183517
0.225491711869836,-0.97021871805191
-1.7607731167227,1.04784652963281
1.94095219112933,-1.07008064910769
0.464294568635523,1.31096525490284
0.686677540652454,-0.550951490178704
1.86193254590034,1.43146721087396
0.950070878490806,0.894329957664013
-0.0195626532658935,-1.96365862805396
1.16523644793779,-1.69024922605604
0.238580015487969,0.788427203893661
1.17229200992733,1.0246890000999
0.633972272276878,0.0553367882966995
0.226805971935391,1.60075466521084
-0.165088378824294,1.99293486680835
1.03455765824765,-0.535961468704045
1.40400208719075,0.851386597380042
0.0783683378249407,-1.83055264502764
1.84124269988388,-0.189884578809142
0.0832817666232586,-1.25217837281525
-1.92240109946579,-1.23051859345287
-0.578160990029573,-0.846899305470288
1.81912055145949,0.378304908052087
1.49996725376695,0.895078619942069
-0.166635510511696,0.545918771997094
-0.787856016308069,1.83171317633241
1.74482038244605,-1.37547251489013
-0.510965916328132,1.3003949560225
1.57801251392812,-1.94032285921276
0.970324899069965,-1.7411545291543
0.146769298240542,-0.00512683391571045
-0.101792193949223,-0.927422756329179
-1.19374075438827,1.09381325542927
1.83229032531381,0.308936432003975
-1.33299492392689,-1.67293185461313
0.857700361870229,-1.41770554613322
-0.695474688895047,1.89237984456122
-1.4554872168228,-0.745861737057567
-1.5807579420507,-1.53884350229055
1.93793860729784,0.467484373599291
0.532589833252132,-0.966490890830755
0.817496165633202,-1.19931619148701
1.32428106479347,-1.04180329013616
1.68981962557882,1.97887790668756
-0.264096960425377,-0.151745319366455
1.13889083452523,1.39794051833451
-0.937706772238016,-1.26149426866323
1.91102191712707,-0.737584352493286
1.72292194515467,-0.158788251690567
0.261716701090336,1.02322613168508
1.08425351697952,-0.452893555164337
-1.11082321219146,-1.60961839184165
1.71221671160311,-0.651944913901389
-1.64858871977776,-1.54629332479089
-1.5534422006458,-1.03820835053921
1.69942650478333,1.41715591680259
1.98566690273583,0.293078562244773
1.67100737243891,1.88712210766971
1.45901073981076,-0.505156556144357
-0.428302691318095,-0.789558859542012
1.5015530269593,1.67923527862877
1.05736223701388,1.81715648621321
0.102938768453896,1.24953784607351
-0.111149563454092,1.63958009146154
1.53566778078675,1.141726244241
-1.48690658528358,-0.841083580628037
1.42610483430326,-0.655642655678093
0.0815736688673496,-1.27482175640762
1.16157982498407,0.255628087557852
1.64073368627578,1.69382248073816
-0.836278363130987,-0.248342413455248
0.947479621507227,1.77272963244468
-0.509376847185194,-1.92151893582195
1.20505649596453,-1.96777325775474
0.0271928012371063,-1.58480165153742
-0.510428879410028,1.19160012248904
-1.24854307994246,0.829429145902395
-0.519310775212944,-0.591235790401697
-0.0167901869863272,-0.734956399537623
1.69648723956198,-0.370767037384212
-1.09879462700337,-1.36995408218354
0.760484372265637,-0.367669220082462
-1.22916969936341,1.25536886695772
-0.177639660425484,1.22540862578899
0.316215257160366,1.88256059121341
-1.80025350768119,-1.00816604867578
1.13625507429242,0.281891334801912
-0.243092436343431,0.195512751117349
-1.76390032749623,-0.283016878180206
-1.43047767970711,-1.62719640042633
-1.47036071494222,-0.538674503564835
-0.181870617903769,0.148456431925297
-1.25802096631378,-0.202897279523313
-0.973890946246684,0.473831702955067
1.52297767624259,-0.729013085365295
1.31731549836695,1.84559142962098
0.171866365708411,1.28289069794118
1.77442490961403,1.33345304429531
1.18250605463982,-1.08746533934027
-1.2695213444531,-1.18709877878428
-0.594181132502854,1.54244956560433
-1.55277706496418,1.72641596198082
0.792294767685235,1.08001657668501
0.823907004669309,1.12135826982558
0.207021122798324,-0.309108255431056
-0.39392975717783,1.09927401971072
1.32576501555741,-1.49840128421783
-1.59296652022749,1.85615735221654
-0.854829516261816,0.478938388638198
0.445881338790059,0.246640369296074
-0.822214741259813,0.957681512460113
1.10732154268771,0.439342956058681
0.188731116242707,1.44285368919373
0.144370810128748,-0.691703302785754
1.61692643817514,-1.98364793509245
0.550353304482996,1.49263330362737
-1.1489704689011,-1.52808748371899
-1.86612488143146,1.13105756789446
1.45953458920121,0.798061680980027
-1.70905426796526,1.53365589026362
-0.322269688360393,1.70231912005693
1.12930009141564,-1.70517865475267
-1.36144477780908,1.97695168387145
1.59440753888339,-1.9097408214584
0.339625305496156,1.36861724406481
-1.04259787499905,-0.981514091603458
1.92174307908863,0.192278309725225
-1.16894668526947,0.985446139238775
-0.0421967096626759,-0.952543070539832
1.21953361481428,0.736098175868392
-0.712171535938978,-1.6486748168245
-1.90045242290944,-1.70791246276349
-1.74246982391924,-1.37538550421596
-1.22084153071046,0.134093995206058
-0.740481625311077,-0.482593045569956
1.12060234695673,0.721505464985967
-1.53129949141294,1.34369090944529
0.580398695543408,1.7057675588876
-1.30968196783215,0.0931517826393247
-0.9098289757967,1.33904874045402
1.6221266053617,-1.50681192055345
1.83451036084443,-0.119604824110866
0.663335024379194,1.74870806001127
-1.41149262711406,-1.0678659491241
1.73292192816734,1.86668236739933
0.196697350591421,-1.04711370449513
-0.562471963465214,0.766022191382945
-1.45962453261018,1.62102537136525
-1.44505280349404,-0.58445459138602
-1.34611815959215,-0.961954998783767
-1.2478061132133,1.21917908266187
1.90278300270438,-0.183192696422338
1.82977093104273,0.806403278373182
-1.3267819005996,0.0281008360907435
1.50548699032515,-1.6414086567238
-0.895576885901392,1.97447392437607
1.001599942334,-0.991037787869573
-0.90671020373702,-0.300787569954991
-1.80855410080403,0.340064133517444
1.57716828305274,-1.24533821735531
-1.74852943047881,-1.96851988323033
0.557202677242458,0.136594782583416
-0.979923294857144,0.500873745419085
1.95863118674606,0.521280485205352
-0.0238879630342126,-1.19756627827883
-1.12310260720551,-1.6497450536117
-1.05468433350325,-1.20955308713019
0.141394773498178,-0.253424033522606
-0.724102078936994,-1.83741932921112
-1.83285198919475,-1.72946201078594
-1.78571460489184,-1.26062985975295
0.381019031628966,-0.229293887503445
0.243605559691787,-1.88540023937821
-0.893876346759498,1.3869216227904
-0.895541449077427,-1.45174066442996
0.647523518651724,-1.36991521995515
-0.725444245152175,-1.3887684866786
-0.459329215809703,0.357390773482621
-0.637288120575249,-0.166343191638589
-0.385956943035126,-1.32035741582513
0.230321298353374,-1.76628945954144
-1.19358390383422,1.2816686341539
1.35702469851822,1.8466046564281
-0.696928797289729,0.372926945798099
0.228703872300684,1.96046826150268
0.0734824184328318,-0.163984126411378
-1.10740816220641,-1.69591496791691
-0.678156738169491,1.69329243153334
1.07540090568364,-1.5985925514251
0.947599152103066,-1.97034829016775
1.56911962293088,-1.58889692462981
0.366762747056782,-0.634572137147188
-0.49362304713577,1.56092430278659
1.73261765670031,-0.351703880354762
0.11093513853848,-1.6554946154356
1.6356143783778,1.10327262617648
0.289203324355185,1.55455234553665
-0.153080030344427,-0.229740385897458
-1.2099417289719,-0.492105713114142
0.424867200665176,0.176105365157127
-1.95223311427981,1.97846595570445
1.52306064963341,0.993975210934877
1.26598285697401,1.13608113396913
0.938320528715849,-0.280441837385297
0.396295972168446,-1.85712979361415
0.838992299512029,-0.468277534469962
1.31654170528054,0.470058232545853
-1.05014625564218,-1.10216452926397
1.88293956127018,-1.13067016098648
1.67415965627879,-0.771477309055626
0.180556850507855,-0.566416115500033
0.584634385071695,1.60885514039546
1.7138887476176,1.21923700347543
-1.57169883139431,0.229717059992254
-1.03545924462378,1.5320507902652
1.22841550875455,0.350808559916914
-0.148645800538361,1.38935696799308
1.58709438983351,-1.48286541644484
-1.98554808087647,-1.48529684450477
-1.26985566876829,1.93755938764662
1.0436444375664,1.47063266951591
1.92762263305485,-1.9161614626646
1.47906463500112,-0.202079137787223
0.587991131469607,0.757086308673024
1.46530984528363,-0.358785510063171
0.95416200440377,0.69748002756387
-0.560562627390027,-1.01894375775009
-1.8333431398496,1.61464709881693
1.88280587922782,0.460718095302582
-0.519653751514852,0.470162027515471
0.330702831037343,-1.76107674371451
1.83433478698134,0.866604827344418
1.34352720342577,-0.325559617951512
0.84925576671958,-0.691140916198492
-0.567980976775289,-1.23150643147528
-0.685781397856772,-0.832594658248127
-0.602095671929419,-0.0507561657577753
1.86609157454222,0.0951383281499147
1.20413220021874,0.323447456583381
0.518072084523737,1.37611461058259
0.653488329611719,0.0795534308999777
-0.672955757007003,0.465268570929766
0.325805091299117,0.381174582056701
-1.76650943141431,0.961679481901228
-0.0284338556230068,1.99344096984714
0.16494348179549,-1.83671839907765
-1.19231922738254,-0.557745047844946
-1.53550696745515,0.233301261439919
-1.0596477901563,-0.749119389802217
0.00480839144438505,-0.504163670353591
-0.533384659327567,-1.99172348715365
0.535285794176161,-0.356399750337005
-0.582045151852071,0.443004922941327
-0.0250049689784646,0.848593795672059
1.9815847473219,-0.0140530802309513
0.997284695506096,1.3652578452602
0.221967428922653,0.370229450054467
-1.38873699679971,-1.92641700804234
-0.452751839533448,1.36165131162852
-1.21014493796974,0.875661175698042
1.48694526683539,-1.10670164972544
-0.374463634565473,-0.648001122288406
-0.872916433960199,1.97007142566144
0.576033153571188,-1.88506429083645
-0.863711734302342,1.25767312850803
0.714335920289159,-1.25771750882268
-1.88380943704396,1.42343928478658
0.32292952388525,-1.21815510466695
-0.129079965874553,-0.56854334846139
-1.73774450737983,1.73051733709872
-0.0183596191927791,-1.14464865904301
-1.49938996694982,0.949482249096036
0.185327640734613,-0.0816311780363321
0.543274485506117,-0.919589005410671
0.83115023933351,0.169532722793519
-0.791190811432898,-0.634445610456169
1.60945652611554,1.4670734424144
1.31897141225636,0.429038247093558
-0.154063244350255,0.216445621103048
0.613055888563395,1.45750246010721
1.75152623746544,-1.97335673402995
0.576314363628626,-0.451877918094397
-1.48104028496891,0.586691091768444
-0.311018705368042,-1.40753770433366
-0.417132708244026,-0.938238061033189
-0.607104152441025,0.77729622181505
0.0277876844629645,-1.65086574107409
-0.458189667202532,1.94213174656034
1.51261063292623,0.491975399665534
1.969975406304,1.45422470569611
-0.941359676420689,-0.713756092824042
-1.95410943310708,1.82251797337085
0.524655002169311,1.79495247919112
-0.338419287465513,0.401135883294046
-0.0503260279074311,-1.44796997960657
-1.02724697999656,-1.43529954366386
1.33433170989156,-1.97891789022833
1.96688133850694,-1.82550668530166
1.72017700877041,1.93249858822674
-0.719270898029208,-1.77863671351224
-0.888874878175557,-0.9502182751894
-1.353226470761,0.529296107590199
0.255352027714252,-0.388730588369071
-1.82008456811309,1.09860595781356
-0.245322327129543,-1.99695217888802
-0.854823981411755,-0.767205902375281
-1.88153803534806,-0.53812616225332
-0.550079215317965,0.871335706673563
0.47812326438725,1.33759774733335
-1.62719325721264,-0.0650906646624207
-1.70989552792162,1.37024177890271
1.49764784239233,0.123986275866628
1.54938481654972,-1.19467450212687
0.252012779004872,-0.0298785911872983
-1.84400399960577,0.904993369244039
0.410542071796954,0.281064867042005
0.257511506788433,0.597604888491333
-1.74220869131386,-0.304076842963696
-0.297336813993752,0.865744813345373
1.94197757076472,0.819045323878527
0.537366298958659,-0.185943238437176
1.89369576331228,-1.45059576351196
-0.850187618285418,0.308449279516935
0.793327114544809,-1.39311208669096
1.34674404188991,-0.43863767478615
-0.606132289394736,-1.99164340086281
1.49662385974079,-1.03021998144686
-1.16904219798744,-0.993029371835291
0.649172066710889,1.59117143414915
0.677060828544199,-0.74464126303792
1.90663947165012,1.32233981788158
1.34920527972281,1.97836500871927
1.37534765340388,0.988004731945693
-1.89362575113773,-1.81461273226887
0.748814614489675,-0.958853535354137
-0.712566117756069,-1.22066330257803
-0.256243770942092,1.82593305129558
0.0230342047289014,-0.126634239219129
-1.96076910477132,-1.39939911197871
-0.503729387186468,0.570197873748839
-1.4784855786711,1.84501639101654
-0.389093037694693,1.87774659413844
1.15527476929128,-1.56315743084997
-1.07674218900502,1.76770591456443
0.898193627595901,0.444652090780437
-0.647043004631996,-0.385637531988323
1.93697900418192,1.96684268116951
-0.713908474892378,0.587288239039481
-1.64748096466064,1.74386345408857
1.02205039095134,-1.27119391970336
1.2462057499215,-1.40604886971414
-0.60925218462944,-1.68806304968894
1.2114625107497,-0.91173707600683
1.74115648306906,1.6316233035177
-1.3371804151684,1.36997603997588
1.79181268066168,-0.941428689286113
-0.734034297987819,0.0617491686716676
-1.4545486131683,1.92514828778803
-0.00382647756487131,1.33933752216399
-1.75337055791169,-1.77778717409819
-1.06232214719057,0.353221682831645
1.33120215684175,-0.654283284209669
-0.137234387919307,-0.616974505595863
0.618747718632221,-1.96907726861537
-0.667018794454634,0.101748392917216
-0.0473387641832232,-1.15410754829645
0.55911888089031,1.92762741539627
-0.580013578757644,0.35293316654861
-1.04625414777547,-0.249417866580188
0.833107124082744,-0.582519913092256
0.902899351902306,-0.873036281205714
1.82006321381778,-0.013379393145442
1.11836268566549,0.924731015227735
0.106169879436493,-0.250056592747569
-1.6749304337427,-0.0391577202826738
0.808890970423818,-0.588787426240742
-0.981767206452787,0.546773332171142
0.882472612895072,-0.728450732305646
1.92830433882773,-0.329804694280028
-1.24923228286207,0.543033270165324
-0.0115362415090203,-1.14632252138108
0.15795483533293,0.10078208707273
-1.43204472213984,0.6953682936728
-1.11284296028316,0.948698888532817
0.609425062313676,-1.11128065176308
-0.761563785374165,0.27024753857404
0.517141505144536,-0.658683669753373
1.17218821216375,-0.458840368315578
0.475536098703742,-1.37400581408292
-0.241026667878032,0.990188618190587
0.363401534035802,-1.5253739207983
1.45075448416173,-1.53685495909303
0.00459637865424156,-1.76286195404828
-0.210936826653779,-1.24098878446966
-0.108255503699183,-0.291671167127788
0.480614888481796,0.143282944336534
0.92314591165632,-1.51661207154393
0.0816780086606741,0.785517053678632
-1.31079182773829,0.148823254741728
-0.867107089608908,-0.748943314887583
1.9407166922465,0.201866498216987
0.320265556685627,1.6411976357922
1.58139769826084,0.713733968324959
1.42722484096885,1.2042051134631
1.39553654845804,-1.34298649616539
1.99475466366857,-0.211082122288644
-0.424555188044906,-1.3366718320176
1.40508158411831,1.39550711028278
0.889495342038572,1.39514664188027
-1.05351058766246,-0.728454932570457
0.962245668284595,-1.85769124608487
1.34717551153153,-0.204075857996941
0.0945213437080383,0.211938329041004
0.0282542444765568,1.94192565046251
0.569329663179815,1.76668887492269
-1.48668020498008,1.28663913812488
-0.234884023666382,-0.265088712796569
0.413087879307568,1.06329819466919
-0.284207998774946,0.903455829247832
0.873354253359139,-1.92294082511216
-0.670771447010338,-1.30952391494066
-1.394516707398,-0.762899185530841
0.383875322528183,1.37127025704831
-0.719459474086761,-1.88078421261162
1.72100108489394,-0.647496606223285
-1.98338540457189,-1.44438561517745
1.34068632218987,-0.329468809068203
1.1730207214132,1.86493218690157
-1.93732137605548,-1.54089656192809
0.223335796967149,0.777017164975405
0.55585150886327,1.97413525078446
0.072641322389245,-0.309552929364145
0.657402712851763,-1.51166999898851
-1.55561335757375,0.209458544850349
1.51104542426765,-1.61589392088354
0.0350022697821259,1.03727221954614
-1.78190606087446,1.54375200439245
0.711148460395634,-1.4461820833385
0.0773107847198844,-0.803682759404182
-0.954618758521974,0.664445418864489
-1.48230011109263,1.35715348552912
-0.430431181564927,-1.32976086903363
-1.57997417915612,-1.75696041248739
1.81575413420796,0.184112966060638
0.0945912431925535,-0.143557911738753
0.868698577396572,0.822040234692395
-0.216302132233977,-0.278588710352778
0.960330314934254,1.56308295577765
-1.43621748033911,0.454976960085332
-0.120673094876111,0.416039212606847
-0.647258026525378,-0.567770867608488
-0.834811072796583,-0.868972300551832
0.416287463158369,1.28197738155723
-1.19840943906456,-1.37399773765355
-1.34441483952105,1.91641616541892
-1.20106703788042,1.19420631695539
0.407229481264949,-1.32041661348194
-0.0982930883765221,-0.393556884489954
1.88135095313191,1.13879728410393
1.4849704625085,1.02063967194408
1.74893637187779,0.794961892068386
0.457319429144263,0.719789930619299
-1.03746702801436,1.25819216575474
-1.52104525174946,-0.983865828253329
-1.50886994227767,0.0928116664290428
-1.77200508955866,-1.88911732565612
-1.91817707195878,-1.42271660640836
0.362639020197093,-0.523028258234262
0.50151577219367,-0.824874964542687
-0.38584048487246,-1.4359932737425
1.24168418720365,1.6101907780394
-1.77128542214632,-0.811486800201237
-0.845165801234543,1.27599585987628
-0.393884835764766,1.44080315716565
-0.96105414070189,-0.918633895926178
0.0878554992377758,0.971900883130729
-1.68909237999469,-1.0932561904192
0.441400518640876,-0.999539374373853
-1.30178697220981,-1.6574747748673
-0.562663355842233,-1.62591365259141
-0.671132965944707,1.09039071761072
0.808754921890795,-1.01997147221118
0.953020366840065,-1.29489815142006
1.99077092017978,0.981979198753834
0.539093839935958,1.4600889896974
0.975496758706868,1.36502945888788
-1.81400935444981,-0.852428140118718
-0.525460230186582,1.26728057581931
-0.270999575033784,-1.24849704746157
-1.73626787029207,1.46515584364533
0.717855915427208,0.62887828797102
1.32050716690719,-0.139242270030081
-1.31293272599578,-0.66513108368963
0.0615225248038769,1.50172215327621
-1.18791976477951,-1.12761374656111
0.845179834403098,-1.71856341231614
-0.178516081534326,1.92686949297786
-1.32350901514292,-0.21543238312006
-0.720535583794117,-1.14814968593419
1.40772917773575,-1.42711831629276
0.00527543667703867,-0.973500624299049
1.43672252353281,0.397110135294497
0.846507198177278,-0.69837498664856
1.02208464033902,-1.77159738447517
0.97863336186856,-0.308195360004902
-0.512720982544124,1.91402039118111
-0.478563134558499,1.31800879351795
-1.76006447337568,-0.299726555123925
1.71703594177961,1.23299643211067
0.257915032096207,-1.22925106063485
-0.462709766812623,1.46580073609948
1.21612743102014,0.276141574606299
-0.866326280869544,1.3478276534006
-0.271257033571601,0.538484702818096
-0.630620867013931,-0.225251750089228
1.63336531817913,0.449501695111394
-1.65521639958024,-0.923329073004425
1.69518019631505,-0.953241834416986
1.46306036226451,0.517346722073853
1.59970842674375,1.79503681603819
0.0293425722047687,0.799223747104406
0.973496208898723,0.361061441712081
1.67394388280809,-1.46858298871666
0.454144922085106,0.798163766041398
1.38642492052168,1.31616416666657
-0.516329980455339,0.364819572307169
-1.92082554008812,-0.868193666450679
1.52352455724031,-1.76775010302663
1.43995817285031,1.54272461123765
1.82594388537109,0.953578404150903
-0.884279043413699,-1.450464181602
-1.70363095123321,-0.888779005967081
-1.17022319789976,-1.72724954597652
0.198047996498644,-1.77484042663127
-1.25948674976826,-0.323985952883959
-0.792747824452817,-0.262875696644187
-0.851440568454564,0.017893991433084
-0.636001097969711,1.73821867164224
1.59184841066599,0.408869858831167
0.776573808863759,0.676343368366361
-0.832701808772981,1.14131648093462
-0.0867906911298633,-1.46480802167207
-1.34070754423738,0.0849105194211006
-1.73907760903239,-1.5261784857139
-1.67446349468082,1.5508656706661
-1.1053133700043,0.845988007262349
-0.417544770054519,-0.32963015884161
-1.21017073281109,0.826610743068159
0.3469233000651,-1.2469220366329
-1.26214228477329,0.397731253877282
-1.80547166708857,0.905212292447686
-0.22017322294414,-1.97253894619644
1.58227796573192,-1.68488009832799
-0.821545790880919,0.954970403574407
-0.755662307143211,-0.194300443865359
1.41255610249937,-0.497710543684661
1.25783840287477,-1.70531375519931
0.670092548243701,-1.74069323763251
0.123054358176887,-0.449316320940852
1.17755913455039,-1.40873232111335
1.3325264044106,0.1846320675686
0.353142712265253,-0.40943056344986
1.46354276780039,-1.24509222526103
1.13070332538337,0.144151917658746
-1.19418692216277,-0.195413496345282
0.459643049165606,-0.980163302272558
1.62116915266961,1.30714617390186
0.125485676340759,-1.12097319588065
1.77769796922803,-0.455237922258675
-1.05285875685513,0.257466695271432
1.62750278040767,0.255928659811616
1.979381932877,-1.64424260146916
1.65845255553722,0.7907141353935
1.50385020207614,1.5538817634806
0.206782666966319,0.0601135110482574
-1.72477097902447,-0.227499734610319
-1.10868573468179,-0.623394429683685
-1.60460114385933,-1.36724074929953
-1.29688245616853,1.44638643227518
0.435238252393901,1.4584296727553
-0.110012567602098,1.17044914979488
-0.749205073341727,-1.22124400455505
-1.37109620030969,-0.8932233331725
-0.771026719361544,0.533450045622885
1.61259776633233,-1.46263469383121
-1.45180563349277,0.705218020826578
-1.57197963446379,1.71801041532308
-1.32616566494107,1.34761715494096
-0.465887577272952,0.136086384765804
1.03691299632192,1.79870959743857
0.664098797366023,-1.82041831873357
-1.48749276902527,0.364723449572921
-1.59850347135216,-0.254603919573128
0.155088040046394,1.39486658759415
-0.941813909448683,-0.343114442192018
1.70851132459939,1.3689047889784
1.26969374250621,0.0289528286084533
-0.935001648031175,-0.523288916796446
0.456007442437112,-0.0459397071972489
1.62780222576112,-0.924390680156648
-1.36212431639433,0.625235145911574
-1.12960148137063,0.973618634045124
-0.197748789563775,-1.54028285108507
-1.13991251960397,-0.86814752034843
-1.68329558894038,0.519013890065253
-0.16539988014847,-0.699196911416948
1.52924837451428,-0.942803021520376
0.043563892133534,0.12288776692003
-0.276883293874562,1.73343480937183
-0.33535585924983,-1.86751089431345
-0.983399442397058,-0.383700444363058
1.76737962197512,-1.28415027726442
1.88899226021022,1.05854898318648
-0.5308085558936,-1.55074152164161
-1.07900235336274,1.18222841899842
-0.921795825473964,-1.54980916809291
0.601281573064625,-0.21163363661617
-1.6478382255882,-0.137227241881192
1.34869406372309,1.25922057405114
1.92053946573287,-0.49113214481622
1.50706940609962,1.87379645183682
-0.613031630404294,-0.0694367615506053
0.0614683330059052,-1.82340999133885
-0.241226004436612,-0.415002752095461
0.934443994425237,1.37367557641119
-1.08020677044988,-0.625502224080265
-0.371448592282832,1.78397005889565
-0.231979230418801,-1.75506862998009
0.0321962302550673,-1.5152276577428
0.482201270759106,-1.35290724411607
-1.1981570487842,1.8020685184747
0.805997224524617,0.00515236798673868
1.17601018864661,-0.108589990064502
0.372107036411762,0.994867828674614
1.62064881063998,1.4124933052808
-1.99990807007998,1.93192693404853
1.20099369622767,0.639353320002556
1.31211282871664,-0.154462636448443
1.53821526002139,-1.9246025942266
-0.85816375631839,-1.19593110773712
-1.79936245642602,-1.24852029886097
-0.565479519777,-0.661792762577534
1.18606933485717,-0.76843870151788
-0.819937185384333,-1.6321517303586
-0.734164599329233,0.444873006083071
-1.02420961204916,-1.90752608235925
1.82309081032872,-1.72319292929024
-0.617558716796339,1.59477032162249
-1.46218607295305,0.198678025044501
0.910912818275392,1.05234668683261
1.73469651769847,-1.18734465632588
1.38032234366983,-1.77233288995922
1.5938557125628,-1.8051840197295
-1.47635727189481,1.23811374418437
-0.703189478255808,-1.81181985326111
1.46686741709709,0.926712890155613
-0.0452376324683428,-0.916567497886717
0.630756470374763,0.714420393109322
-1.03811692353338,-1.50512291677296
-0.562789475545287,1.69315178971738
0.383112244307995,0.316175172105432
1.78813371621072,1.96479629259557
-0.172860786318779,-0.325177160091698
-0.112982420250773,-1.24927113391459
-0.976074725389481,-1.65972328837961
1.28659056127071,-0.455387581139803
-1.03838776703924,1.23933390062302
1.23286732845008,1.76211175415665
0.575944265350699,-0.51330005005002
-1.5090413056314,1.04893332533538
-1.94124153442681,1.12737124972045
0.364843554794788,-1.39143822900951
-1.01917436718941,-0.774452370591462
0.694501221179962,-1.06134438049048
1.29881996661425,1.79775237105787
-1.46867396030575,0.90966331679374
-0.116223383694887,1.00555975642055
0.375241808593273,-0.199034379795194
1.64282695297152,-0.385713427327573
1.13022858276963,0.504125846549869
1.4046501936391,1.88918924983591
0.661616516299546,0.788600575178862
-0.943950800225139,1.71956349909306
-1.45119327120483,-1.13162822835147
0.285849818959832,-1.68615887314081
-0.465605925768614,0.485082663595676
0.915430744178593,-1.11417028214782
-1.17952608596534,1.74922101199627
0.893836850300431,-0.946940561756492
0.923026232048869,0.11949192546308
0.721220788545907,-1.99253153055906
-1.61319652851671,-0.217751772142947
-0.398949111811817,0.159680899232626
1.33160333149135,0.50793797057122
-0.334372994489968,0.433020641095936
-1.67221148125827,-0.572857686318457
1.90420129522681,-1.03685609251261
-0.907895368523896,0.822798147797585
-1.24113129545003,-0.287453940138221
0.578405217267573,-0.697291082702577
-0.647783491760492,-0.803543564863503
0.0926119927316904,-0.984842476435006
-0.208138010464609,-1.13706153910607
1.11461561825126,1.23204103671014
0.0596819249913096,-1.70588198397309
-0.902111236937344,-0.799293929710984
-0.109103919006884,0.66050336509943
-1.4232560172677,1.82536318618804
-1.33492125198245,0.192223596386611
-0.851966377347708,1.28258570283651
1.29899616166949,0.413155076093972
-1.60368888173252,1.9872031705454
1.1633363571018,-0.209884213283658
-1.26617926545441,1.26188307534903
1.28503255080432,-1.80227721016854
0.0648026615381241,1.00866941548884
0.749674253165722,1.36691506020725
-0.319932061247528,1.52993698511273
0.737538860179484,-0.192677329294384
0.701118909753859,-1.96039659902453
0.552657316438854,0.50123387016356
-1.90668773371726,-0.335963648743927
-0.514491250738502,-1.78816938120872
-1.27319006063044,1.39511405769736
0.375950680114329,1.58037446253002
0.0383754232898355,1.04310210142285
-0.564200734719634,1.91738697141409
1.61652346886694,1.87885461747646
1.08924743626267,-0.936075378209352
-1.74391955789179,0.936489582061768
0.0126033714041114,1.19154461659491
-1.82342213764787,0.0347473034635186
1.42675192654133,-1.58085317537189
1.35910957958549,0.947200532071292
-0.651696498505771,-1.09014294110239
-0.51690290030092,1.54457115288824
-1.92324503883719,0.498110930435359
1.30026018340141,1.8333350867033
1.75763805396855,0.303348938003182
-1.48432913608849,-0.795194458216429
-1.18844832945615,-1.62923004757613
-1.4213574109599,-1.10986659675837
-1.67478690668941,0.115691996179521
1.86381161771715,1.05432044155896
0.814506280235946,0.244232109747827
-0.985825424082577,1.71582982782274
-1.82573840115219,0.322577958926558
-1.02943349070847,-1.93315078411251
0.747838309034705,-1.75190979428589
-1.43466304987669,-0.415882367640734
0.761130255647004,0.495950056239963
1.27286129258573,1.77685454953462
-0.793344646692276,-1.07107497844845
1.91024580132216,-1.18947709258646
1.27154731936753,-1.11791945435107
-1.67657663207501,-1.69709741510451
1.09645935893059,0.162185922265053
0.440640835091472,0.54278470762074
-0.337733140215278,-1.0099226180464
0.883538823574781,-0.742985536344349
-0.452149255201221,0.557172849774361
0.212305963970721,0.801816171966493
-0.0603175973519683,-0.881750784814358
-0.456740915775299,0.52188088092953
1.89694766700268,0.723477629944682
0.99873838853091,1.07247055415064
0.320432399399579,-0.473993255756795
0.935863783583045,1.05523206200451
0.740069668740034,-1.81793183647096
-0.314522612839937,0.505343595519662
1.08045632950962,0.690204338170588
0.176861954852939,0.14585748501122
1.96815247088671,-0.107765360735357
-0.924147042445838,-0.449946377426386
1.23656532447785,-0.0674178181216121
0.813376472331583,-0.121566918678582
-1.41464152093977,1.66183076426387
-0.821755537763238,-1.734738455154
-1.12205145135522,-1.00546006951481
0.9856485882774,1.12165327742696
0.798292707651854,1.02078975085169
1.9962868001312,1.68406850472093
1.88608390651643,0.188109275884926
0.218579134903848,0.48661285918206
-1.25096339453012,1.33185729384422
-1.35554322786629,1.0531503893435
1.88137678336352,-0.00289088115096092
-1.52503318525851,-0.700155497528613
-0.570551467128098,1.60174273233861
-0.468154613859951,1.08996268548071
-1.78183718957007,0.843107000924647
0.666235541924834,1.36691748909652
1.3612497607246,1.37859878595918
0.291324287652969,0.774425677023828
-1.6739691728726,0.365784005261958
1.56695914175361,-1.51467606052756
-1.26601636316627,1.34900019876659
-0.596758420579135,1.59897192381322
1.50455676671118,-1.11702249571681
0.81198865454644,1.85164075903594
-1.52041744347662,0.455507013946772
1.74324073921889,-1.17351429909468
-0.800808661617339,-0.0845804661512375
-0.900425456464291,-0.866191880777478
0.220405512489378,-1.93935436569154
0.519532522186637,1.53867492079735
-0.708090558648109,1.84409570507705
1.74009620491415,1.34833580348641
1.00876019708812,-0.56703307852149
-0.907215695828199,1.7208773586899
0.112457561306655,-1.90082967933267
0.938201983459294,-0.663417717441916
0.927467879839242,0.0248215207830071
0.851644212380052,-1.31900552194566
0.546380991116166,-1.7449976792559
1.01280816178769,-0.84333146456629
-0.303016095422208,0.601605843752623
0.965144773945212,1.87154395878315
-1.44801176805049,0.928293674252927
-0.698424776084721,1.77330255601555
1.03332561533898,1.66568000800908
0.105553415603936,-0.283434589393437
1.506696626544,1.52114586159587
0.021683307364583,1.14777019061148
-1.35682079289109,-1.48602326214314
1.17870233114809,-0.825217064470053
-1.73948325496167,-1.02578626107424
0.148158107884228,-1.66823918558657
0.173565402626991,1.12345324084163
-1.57218594383448,-1.22674499172717
0.470705095678568,0.495112613774836
0.148468459956348,-0.898073325864971
-1.81949705816805,-0.743646158836782
-0.569822805002332,1.28386210650206
1.54396824911237,-1.52364351041615
-0.85056693200022,-0.0396389905363321
-0.548598990775645,0.419875042513013
-1.90455631259829,-0.927353537641466
1.65248887240887,-0.216153013519943
-0.899587275460362,1.88156601414084
-0.275599780492485,-0.93548368383199
-0.659285129979253,-1.76570196449757
1.99690346606076,-0.634592385031283
-1.88740389794111,-0.17866796348244
0.579892995767295,0.903115510940552
-0.686168404296041,1.67677579261363
-1.97788457851857,1.46656770817935
-1.62302976474166,0.169936100021005
-0.345783669501543,1.81276363506913
0.187327289953828,1.66713138204068
-1.54373433813453,-1.95228086039424
0.499241271056235,-0.710623667575419
1.62889027036726,-0.178497182205319
0.388570525683463,1.88847007602453
-0.0325028076767921,1.81705380231142
-1.98628416471183,-0.17112547904253
-0.700011290609837,-1.91841330286115
-0.804431512020528,0.706842476502061
0.23066539876163,-1.18440554849803
0.747012469917536,1.43151553254575
-0.675616706721485,-1.58913199882954
1.97669204045087,-1.24055919516832
-0.685775116086006,-0.503294820897281
0.515439318493009,-1.34124713763595
-1.05990183819085,0.75975595600903
-0.9731136392802,1.82775232661515
1.10631331522018,1.90207986719906
0.372945348732173,1.00866417773068
0.15645591262728,-1.38794243894517
-0.735631216317415,0.2140146587044
1.60139568243176,0.270149733871222
-1.33894308004528,-0.669297380372882
-0.499121752567589,0.651798607781529
-1.90972966887057,1.22074580937624
-1.57138234842569,1.98769249580801
-1.88635502103716,1.00394636485726
-1.651517261751,-1.41546282917261
-0.0804605446755886,-1.74287649616599
0.757177436724305,0.220029619522393
0.539479458704591,1.59213789459318
-1.17407683376223,1.35215344373137
1.13392711058259,0.0403650142252445
1.12399719003588,1.66535366047174
1.70101560465991,-1.63245923537761
-0.0115788774564862,-0.250663141719997
1.47918904293329,-1.6829695943743
1.28819556720555,-1.31923106126487
1.64072216674685,-0.744420377537608
0.76408173609525,1.84294633381069
-1.45454757288098,-0.850453181192279
1.49842462968081,-1.3261514659971
1.9046830739826,0.646231580525637
-0.333024302497506,-1.25649692490697
-1.47035185620189,-1.75295850541443
0.518075147643685,1.0954419542104
-1.72133629024029,0.937074447982013
1.87601561564952,-1.04574193898588
-1.58575066458434,-0.329844506457448
-0.229071976616979,0.437501663342118
-0.10370644275099,-0.9785360051319
-0.245798786170781,1.73544592596591
1.42165661603212,0.718658824451268
-0.904834593646228,0.524174118414521
0.98742282949388,0.0152231864631176
-0.00269406475126743,0.359263945370913
0.588332980871201,-0.0320938099175692
-0.337136531248689,0.596934525296092
1.98598576709628,-0.676103037782013
1.22254395857453,1.43096909672022
1.96738763805479,1.81012237723917
-1.8054815037176,-1.62694740854204
0.680030945688486,0.253125069662929
-1.0867698090151,0.641225565224886
-0.0176281509920955,-0.114205583930016
-0.960381896235049,1.80262152664363
1.01756149530411,0.01680604275316
-0.684500915929675,-0.636154876090586
0.869503630325198,0.138211296871305
-0.236234541982412,-0.923211822286248
-1.1549871917814,-0.354410437867045
0.055083466693759,1.02989996038377
-0.00157524831593037,-0.753284340724349
1.25889612920582,1.39642385486513
-0.163822661153972,1.34694887232035
1.5700283870101,-1.49823638889939
-1.16023345477879,1.64315264020115
-0.667842462658882,1.64151637535542
-1.32802641857415,0.243634996935725
1.74185988027602,1.44758518971503
0.388175115920603,-1.77872270904481
0.99044444039464,0.918896598741412
0.505690589547157,-0.900415501557291
-0.136485253460705,-0.134812405332923
-1.55026379786432,-0.396711967885494
-0.755935575813055,0.180313631892204
1.31004605442286,1.52382722869515
0.448479616083205,-0.791774568147957
-0.646173571236432,-0.44356700591743
0.563433742150664,0.00907325651496649
0.0316335279494524,1.28141782060266
0.410078917630017,-1.43237205501646
0.19310899451375,0.539573149755597
1.37740413751453,1.41060023568571
-0.579358703456819,1.32075108774006
0.660008576698601,1.41994540765882
-1.19449876621366,-1.93910110834986
0.666567299515009,0.649275992996991
-0.319362809881568,-0.718486839905381
-1.44782891124487,0.264242846518755
-0.212132606655359,1.30714253988117
-1.22562997881323,-1.22720652166754
1.6614147759974,-1.77669563423842
-0.70480415597558,0.78525017388165
-0.249451274983585,-1.4895878881216
-0.272980261594057,0.381563299335539
-1.11864231433719,-0.830942292697728
0.609486244618893,0.40291934646666
0.0641343491151929,-0.652512889355421
0.274806648492813,1.70029858592898
0.541308128274977,1.19190628454089
-0.0620812978595495,0.0580378789454699
-1.58680908381939,1.30576964002103
-0.0656622191891074,0.0646243430674076
-1.09299775306135,1.16781144961715
-1.15216959174722,-1.24524358473718
1.9714199192822,0.3185597024858
-1.12959389388561,1.79802711866796
1.1191619373858,-1.75145156309009
-1.44469971209764,-1.74507988616824
-0.171859043650329,1.92460868693888
-1.6655242536217,0.898390550166368
0.854277540929615,-0.161192453466356
0.0472274990752339,1.02705765143037
0.740775563754141,-1.46353400778025
0.604169072583318,-0.560917896218598
-0.285655003972352,0.544074246659875
1.30575915332884,0.465573254972696
1.03908829670399,-1.16206404101104
-1.52585423737764,-1.65280479099602
0.0315426457673311,0.659551227465272
1.5184515081346,1.37811516784132
0.442038170993328,1.63456793129444
1.27246945910156,0.518115150742233
0.266728986985981,0.253648318350315
0.301292822696269,0.575239216908813
-1.35811583325267,1.78776991087943
0.268224289640784,-0.265102331526577
-1.43551594670862,1.21783403586596
1.66502191498876,1.39014587178826
0.55527036357671,-1.67346791829914
-1.20628200937063,1.88004720862955
0.112296033650637,-1.52978604938835
1.77233305294067,0.0556027861312032
0.0328672900795937,1.14773010276258
-0.196372598409653,-1.04678412247449
-1.58276706375182,-1.82887669373304
1.9644148349762,0.739914345555007
0.732071057893336,0.930985843762755
-0.184379358775914,1.17684570793062
0.572575138881803,0.422438053414226
-0.972620690241456,0.523248730227351
-1.59640185721219,0.555150588974357
-0.654749185778201,1.21144112944603
1.33262854814529,-0.87050000205636
0.0761446850374341,-0.174325493164361
-0.916191565804183,0.913547213189304
-1.19037543144077,1.71316404175013
-1.3321085460484,-0.202682416886091
0.825675242580473,1.63688231352717
0.163007954135537,0.149345923215151
0.26423061452806,-1.01998688839376
1.68098710849881,-1.01066007371992
-0.723019891418517,-1.91307329759002
-0.778871621005237,0.850239873863757
1.7171146934852,1.47148204687983
1.409299290739,-0.356139765121043
-0.755214706994593,-1.86315013561398
-0.788382701575756,-0.840405493974686
0.935583963058889,-0.473415922373533
0.338307684287429,-0.308946345932782
0.993962389416993,-1.4625752652064
0.838225418701768,1.95449037477374
0.698492363095284,-0.870524597354233
-1.25528195127845,0.690113311633468
1.69415531028062,-1.56731194164604
1.21350249368697,1.80321517214179
1.08366072457284,-1.5945057477802
0.272330316714942,-0.234217801131308
0.654426336288452,-0.744270393624902
-1.58584579918534,0.431664944626391
-1.62705479934812,-1.64607538282871
0.570114576257765,1.14771953783929
-0.128939036279917,-0.534805878996849
-0.29086500313133,-1.94861353654414
-1.39753319416195,-1.57185304537416
1.05488299205899,0.960105019621551
-1.99047558568418,-1.82487457338721
-1.57867108751088,0.450280311517417
1.52737726457417,0.990077217109501
1.95175880007446,-0.966647939756513
-1.2957197194919,-0.373657905496657
-1.81847274210304,-0.491290071979165
-1.4411778608337,-1.18590320181102
1.39787913300097,-0.600878262892365
-1.05303890816867,0.993687183596194
0.15688421856612,1.422248698771
0.537610296159983,-1.28500932455063
1.70146152283996,1.79949040617794
0.151578573510051,-0.914568229578435
0.352188970893621,0.10946967639029
-0.765807188116014,-0.268696480430663
0.887153279967606,0.507840586826205
0.877809134311974,-1.06328802555799
0.941751105710864,0.404488037340343
1.16597939748317,-1.83100322261453
1.71339893806726,1.58467334602028
-1.90912384167314,-1.63951654918492
1.59766582865268,-1.19817848782986
-1.03261205460876,-0.630014665424824
-1.54471630509943,1.95784455258399
0.0392555706202984,-0.581096751615405
1.21924546267837,1.65981906093657
-1.77736176457256,-1.72299108933657
-1.1911656698212,-0.899738035164773
-0.443048384971917,1.15048392582685
-0.195546285249293,1.65788878314197
-0.982793315313756,0.949319741688669
1.88191312551498,-0.354570267722011
-0.492467946372926,-0.811863056384027
1.49380997475237,-1.97126945480704
-0.94702959805727,-0.121835454367101
-0.252236062660813,0.173979561775923
1.2938268724829,0.543748752214015
0.657330835238099,1.95476107671857
1.46488504111767,-1.00522122625262
-1.63835786003619,-0.776228805072606
-0.965373598970473,-0.588885606266558
0.465397290885448,1.34493131842464
-0.127251242287457,-1.80161357950419
0.0803179917857051,1.2027587806806
0.205393539741635,-0.115041411481798
-0.350516084581614,1.41159087885171
-1.61346115637571,0.426964697428048
-1.22258498333395,-1.3244601553306
-1.81832703854889,1.98690667841583
0.571103796362877,-0.31374136172235
1.6109782513231,-0.80105185136199
-0.971690852195024,1.57415303308517
0.263187078759074,1.10543210618198
0.20369640365243,1.96276136860251
0.530393564142287,0.00384535454213619
-0.420933219604194,0.335193326696754
0.235527794808149,-1.59841097425669
1.58219673950225,0.0875950278714299
-0.963806494139135,-0.216601193882525
0.286436594091356,-0.908017820678651
0.366757624782622,-1.63251872267574
-1.04457469191402,-1.29002370778471
1.56388725247234,0.867027604021132
0.673424885608256,-0.0931317796930671
-1.87989140022546,-0.755497324280441
1.44289853051305,-0.332970151677728
-0.764543615281582,1.49406030587852
1.8715909216553,-1.15613025985658
1.80372582562268,-0.946327239274979
-1.41954101901501,1.79203713964671
-0.0348189743235707,-0.288554322905838
1.01068972982466,-1.32844499964267
-1.48497815895826,-1.60096423048526
0.500906940549612,0.299595794640481
-1.96658712811768,-1.5319309188053
0.299271952360868,-1.79984365496784
0.99046044331044,0.0802370719611645
-0.813343032263219,0.479168088175356
-1.9498610207811,0.0886223083361983
-0.349244420416653,-1.53453255817294
-0.0358107620850205,0.947419219650328
-1.75405595544726,-0.657531712204218
-1.01221235375851,1.35367218125612
1.0181641690433,1.11072266660631
1.20779531169683,-0.142372155562043
-1.23593507986516,-1.46071128267795
-0.629043607972562,-0.224844816140831
1.07641313504428,-0.976147316396236
-0.276895957067609,1.78249378502369
0.352023959159851,0.354826016351581
0.650242787785828,-0.191734082996845
-0.0679629957303405,0.725336200557649
1.9345874870196,0.0173986162990332
1.53788895253092,-1.7836642563343
0.615718070417643,-0.373436614871025
0.224777477793396,-1.94201452471316
1.02159261144698,-1.00973447412252
-0.752734229899943,-1.32948347460479
-0.560665231198072,1.09955026209354
-0.360009231604636,1.88441609591246
-1.11347168404609,0.588008634746075
-0.00269831158220768,1.07762948516756
-1.85202837456018,-0.0420902222394943
-1.5784926880151,0.571625309064984
1.47751772310585,1.10781597252935
0.376024778932333,-1.70694942958653
0.358128144405782,-0.452300100587308
1.08547272160649,-0.457998346537352
0.295947149395943,0.698336463421583
1.67240960244089,-0.322103438898921
-0.182490643113852,-1.5896135782823
1.01653446163982,1.22034742031246
0.469593462534249,-1.88715131394565
-1.41841764748096,-1.66792271658778
-0.808171256445348,-0.00130796618759632
0.963386288844049,-0.444541912525892
1.407705610618,-0.247538833878934
-1.80333006009459,0.605843257158995
1.67613543570042,0.704906377010047
-1.17672316357493,-1.10455961711705
1.68883973918855,0.49315457046032
-1.6983370706439,-1.68329160753638
0.848684503696859,1.33819374348968
-1.26266993954778,1.00703512039036
1.64725756645203,-0.318437641486526
1.82352336402982,1.25179395824671
-0.421160597354174,0.215250764973462
-1.9268891075626,0.522454745136201
-0.43176038004458,0.535954892635345
1.90121020562947,-0.240456900559366
-0.895643030293286,0.693110171705484
-0.741884374991059,0.117902221158147
0.884909832850099,-0.277247192338109
1.84860342275351,1.88269171863794
-1.07106448709965,-1.9557297732681
-1.88980945106596,0.644393173977733
-0.0264056483283639,0.793424839153886
0.476888255216181,0.218279846943915
1.15619639027864,-1.97247519902885
-0.250833118334413,-0.600291517563164
-0.0106161190196872,-1.67839993257076
-1.90233777649701,0.820962875150144
0.481998001225293,1.22206326108426
0.529775723814964,0.946900282986462
0.606594155542552,-1.03347761835903
-0.992862761951983,-0.614169205538929
-0.469138358719647,-1.29623386543244
0.45863956399262,0.402755380608141
1.61846530996263,-1.66718452330679
0.0423460602760315,-1.59551364090294
0.266378466971219,1.31821158807725
-0.0842735869809985,1.55908995680511
1.0531446384266,0.50182843580842
-0.556871961802244,-0.852250915020704
1.55993839725852,-0.509009379893541
0.492360766977072,-1.44229377061129
1.11772522889078,-0.594075749628246
0.539253213442862,-0.787041884846985
1.36694752331823,-1.30066771432757
-1.22676934394985,0.138213886879385
-0.59939009975642,-0.183117423206568
-1.52771376539022,1.01386149786413
1.92316863313317,0.564411448314786
-0.484440673142672,1.16859707608819
1.77666447870433,1.1788958767429
-1.57025878783315,-1.54887131787837
-1.67291337810457,-1.78118814434856
-1.50046701356769,0.633105683140457
-0.354367077350616,-1.30803565401584
-1.5742121161893,-0.894718357361853
-1.41314846929163,0.853109770454466
0.894831337034702,-1.01921597775072
-1.85400076210499,-1.02305869664997
1.49033037759364,-1.5518597215414
0.288042186759412,-0.0224771173670888
-0.162205938249826,1.89468903001398
1.1814365144819,0.345232823863626
-0.692347568459809,-0.825435568578541
0.325824177823961,-1.51997684594244
0.0819059805944562,-0.996812529861927
1.79760008864105,-1.60764290206134
1.59403786249459,0.12910407781601
1.08928619883955,-0.152254863642156
-0.0882138470187783,1.8388358252123
1.49649409856647,0.121896621771157
-1.45299426745623,-1.08853540662676
-0.0206278990954161,1.99946223199368
0.780840958468616,-0.664992533624172
-1.99664004333317,1.10477748978883
-1.97397225350142,-0.0219857161864638
-1.57004709541798,-1.35065929871053
0.0829179584980011,-0.431091957725585
0.720731536857784,1.21998718753457
0.611382965929806,-0.893024621531367
-0.828912494704127,0.902380651794374
0.167200408875942,-0.261720068752766
-1.82304712478071,-1.08483794331551
1.23848899360746,1.42927316110581
-1.24865038972348,-1.89535520784557
0.187168432399631,1.90323641058058
-1.40259782876819,0.0167921166867018
-1.61876340489835,-0.838476812466979
0.680713534355164,0.816589396446943
-1.78598016314209,-0.230156582780182
-1.16074943356216,-0.16463825199753
-1.96331159491092,-0.994801097549498
-1.72692357748747,0.61105330940336
1.03987738769501,-0.81126746814698
-1.7634766548872,-0.467491930350661
-0.951846495270729,0.117125865072012
0.0760798221454024,-0.567410381510854
1.65664087701589,1.41960552241653
-0.114473598077893,1.04560775402933
1.78645870927721,-1.47424465604126
1.51807355694473,-0.498363177292049
0.949353783391416,-0.545739236287773
-0.524709814228117,-1.96703050471842
0.0902053695172071,0.716960130259395
1.13544171862304,-0.863326737657189
-0.672175779938698,-1.20283747836947
-0.125764711759984,-0.85434678196907
1.79710391070694,0.513977276161313
-1.69179650768638,-0.370155323296785
-1.05982161778957,-0.68126265052706
1.98069380875677,0.872452813200653
0.600751131772995,-0.799874106422067
-0.117448592558503,-0.794021266512573
-0.067700962536037,-0.51516215223819
0.66003321390599,-1.31268063094467
-1.95266069937497,-0.917319850996137
1.36622656788677,0.187144899740815
0.100359082221985,1.85038524772972
1.74826317280531,-0.744039691053331
-1.01525308098644,-1.64146886393428
1.02050650771707,0.361342946998775
-0.72301390953362,0.0651875250041485
-1.18693505786359,-1.58518310263753
-0.300017689354718,0.0435004904866219
-1.34940793178976,-0.818728612735868
-1.84947662893683,-0.10709629021585
-1.54052856564522,-0.0164375472813845
-0.925468207336962,-1.82576334569603
-0.59360477887094,0.2865224275738
-0.550869152881205,0.812688071280718
1.95859782770276,0.822783874347806
-1.06821529474109,0.69890624564141
-1.8409138917923,-0.0739418361335993
-0.650417751632631,-0.868424861691892
0.810109671205282,-1.61150824651122
-0.208337424322963,-0.10695730894804
-1.48026216775179,0.737683604471385
-1.15944267529994,-0.324110430665314
1.49865894299001,1.7707218658179
-0.516956669278443,-1.42046746332198
1.92140431609005,-0.538333047181368
-0.814375185407698,0.579380962997675
1.26328565645963,0.142132872715592
1.78299831412733,-1.40514301322401
-1.85961748939008,-1.10998116619885
-1.86928580980748,-1.99866460170597
1.83748971763998,1.62344137299806
0.830618628300726,1.72880028560758
-1.4013000773266,-0.0749246021732688
1.73265865724534,-1.19441306777298
-0.532074052840471,-1.7228139359504
0.495283085852861,-0.607500248588622
1.99919938109815,1.22148557659239
0.577396174892783,1.4021149687469
1.80932402890176,1.81864027865231
-1.64933070819825,1.77137515600771
1.63560899719596,-1.59163976833224
-0.451689790003002,0.763271846808493
-0.93210621830076,-1.23015845287591
-0.41647313721478,-0.299894195050001
-0.548195949755609,-1.41863834392279
0.405701387673616,-0.577157139778137
0.898501907475293,0.624336564913392
-0.0731580704450607,0.141792388632894
0.342737457714975,0.911755492910743
0.72806641459465,0.730766676366329
0.745116458274424,0.0635177819058299
1.26232134737074,-1.295973200351
0.115513563156128,1.30425188411027
0.0795673411339521,-0.79025783482939
0.332776799798012,-0.588228615000844
0.397980470210314,1.59532791189849
0.187197487801313,1.14409595448524
-0.770724349655211,-0.647481178864837
0.879856023006141,-1.87133443169296
-1.15343210846186,0.564523389562964
-1.76843957602978,-1.13477541133761
-0.909855231642723,1.79273879155517
-1.88066717144102,-1.30955308396369
0.445563288405538,-0.553776349872351
1.73084798548371,-0.833917419426143
-0.806828077882528,-0.390012595802546
1.0569506790489,0.614962144754827
-1.44358980935067,1.76699582859874
0.123653326183558,-0.65513160917908
1.16290160082281,-0.901728126220405
0.853220451623201,1.0844086240977
1.45312008261681,0.820854278281331
1.36928970646113,-0.872405510395765
0.529898804612458,1.0375358434394
-1.22299771010876,0.873333003371954
0.539120861329138,0.641319777816534
-0.659474135376513,1.40249087568372
1.67264545895159,0.55157641787082
1.33009643759578,1.54225190449506
0.867748563177884,-1.5746539067477
1.40915049985051,-0.874053465202451
1.65633445419371,-0.0422857888042927
-0.53323298227042,-1.1514610722661
1.95731172617525,0.289282215759158
0.054331760853529,1.68822561576962
1.83779602777213,-1.02315976191312
-0.0126014044508338,-1.78585554659367
1.24592821951956,-0.536442449316382
0.30031281337142,-1.64730602223426
1.69861685112119,0.976615365594625
0.860084825195372,-1.90256887394935
1.51041112747043,-1.89065202977508
-1.45372669119388,-1.52735178824514
-0.0807484118267894,-1.24291527550668
0.336245791986585,0.915423823520541
0.235116607509553,0.906983073800802
-1.17816753778607,1.57055044360459
-1.53865772392601,-1.88379274588078
1.72536941058934,0.578635240904987
0.180707049556077,-0.112385754473507
1.32543905824423,0.114906890317798
0.909958017058671,1.66365019790828
1.34059348609298,0.975202563218772
0.954566125757992,-0.0554431416094303
-0.351609726436436,-0.967514840885997
0.48538988083601,-1.95430956967175
1.45687026623636,-0.53762832749635
1.37393121328205,-0.193908791989088
0.0746668968349695,-1.84318702109158
1.49416777212173,-1.44880017172545
1.88016096130013,-0.263138907961547
-0.66048277169466,-1.53380611352623
1.85686891525984,1.77390895411372
-0.766223162412643,-0.550867692567408
-0.506168292835355,1.98639487009495
-0.155647741630673,-1.28270979784429
-1.41779098846018,1.47361015807837
0.980488637462258,1.08658747561276
1.72193133737892,0.951515888795257
-1.83855821657926,-0.97198442183435
1.84168410860002,-0.817017822526395
-0.491505222395062,-1.08785246405751
1.00835414696485,0.0345854228362441
0.545327200554311,1.9235520446673
0.727185507304966,-1.11360632162541
0.800806345418096,1.30330612137914
-0.155492412857711,1.75440197996795
-1.05098889488727,1.52512656059116
-1.71035413630307,1.69084894005209
-1.17489640787244,1.44248335249722
0.109846437349916,-0.674781566485763
-1.70275183580816,1.17678546067327
0.927791116759181,-0.0214805761352181
-0.147664700634778,1.42985268402845
-0.439821779727936,-0.747287756763399
-1.33942394889891,0.969343625940382
-0.345690743997693,1.47954575158656
-0.375776493921876,-0.80621878337115
0.569942225702107,-0.0094813322648406
-1.85917365178466,0.0984637094661593
-0.0958133786916733,-0.626031136140227
-1.40733078494668,-0.419853976927698
0.572753245942295,-0.758371306583285
0.132102754898369,0.216645333915949
0.322523354552686,-0.0637544970959425
1.2629499733448,0.15082139428705
-0.714715995825827,1.93799264822155
-0.285965714603662,1.95822827704251
0.459216322749853,0.421830074861646
0.692389317788184,1.01927341800183
1.85612534917891,-1.00157290697098
-0.561836813576519,-0.563922842033207
1.37003005295992,0.149087856523693
0.783198483288288,1.36743291094899
-1.47265104576945,-1.69105631299317
-1.69712727423757,1.09383032936603
0.258365321904421,-0.377100702375174
-1.412991207093,-1.31922450475395
-0.71488983463496,0.0190948769450188
-1.76237857155502,-1.11781890597194
1.92409053537995,0.848648592829704
0.17230824008584,0.162089033052325
-1.81657838169485,0.348638100549579
1.00683505088091,-0.382071069441736
-0.0561856171116233,0.213003585115075
-1.72201574873179,1.04026032797992
1.45774806942791,1.95876923110336
0.434798524715006,-1.82140699960291
0.301119294948876,1.42594611085951
1.83549884147942,1.20556295290589
-1.30871675349772,-1.82289888616651
1.01859801728278,1.27851331327111
0.0718773389235139,-0.618341274559498
-0.64492061920464,-1.5217843754217
1.37201242893934,-0.710647246800363
-1.27752290014178,-1.14516123943031
-1.24451602809131,-1.04720516409725
-1.71021681278944,-1.15291910246015
-1.37163668125868,-0.149818520992994
-1.94262040872127,0.0910549564287066
-1.36575582716614,-0.0352424383163452
0.683359959162772,-0.74834402743727
-0.620055245235562,-1.9484093496576
-0.222849210724235,0.0173498457297683
-1.94947815686464,1.76106352545321
-0.957186322659254,1.95160370785743
0.892034579999745,0.238798215985298
1.91230748873204,1.51300060003996
1.47802593559027,1.89628490339965
-1.76887389179319,1.75241797696799
0.245284239761531,0.629220623522997
0.424344294704497,-0.0292509365826845
-0.365353783592582,0.517134619876742
0.832849991507828,-1.85423092078418
0.55047719553113,-1.99378816317767
0.0203652139753103,-0.730057147331536
-1.59227104578167,-0.551395992748439
-1.78777057584375,0.753682454116642
0.546026756986976,-0.658166530542076
-0.267138179391623,-1.34795579034835
0.884569526650012,0.583302609622478
0.378235245123506,1.95804507192224
-1.98309653811157,1.14812109153718
-1.76170106418431,0.144996828399599
1.96210424881428,0.554996070452034
0.0626476770266891,-1.30931960232556
-1.77685696538538,0.0143713196739554
-1.05246997717768,1.77272759377956
0.606574048288167,0.718631327152252
-0.452345175668597,-0.0698161851614714
-1.04071441758424,-0.79075616132468
1.06000284571201,1.18085464462638
-1.81433778256178,0.627222428098321
0.963583158329129,0.827222555875778
-1.77971696015447,0.979573542252183
-0.624593970365822,1.20721516292542
0.769908717833459,-0.0724758105352521
0.936119185760617,-0.838742741383612
1.27682559099048,1.21689741779119
1.46534716058522,0.125765718519688
0.235695297829807,-0.66670289169997
1.57045289408416,1.78759682457894
1.29071069508791,-1.39985962864012
0.454801862128079,-1.52597637753934
-1.88311097119004,0.248125234618783
1.60784242115915,-0.511677769944072
-0.927184578031301,-0.311402915976942
1.40419166069478,-1.45687135774642
1.52071392536163,-1.60033919475973
-1.7337190778926,0.835894376970828
-1.63086128048599,1.09512117505074
1.24787300359458,-0.992256605066359
1.36632938683033,0.638106735423207
0.53928033169359,-1.94126235041767
0.685137922875583,0.895681142807007
-0.56488102208823,0.787987218238413
-1.48745092563331,-1.55306095071137
-1.87667107954621,-0.99528100527823
-1.24184378329664,1.92225789837539
0.905272550880909,-0.725930638611317
-0.02305524982512,0.24518692586571
1.9906149553135,-1.97136695031077
-0.154551359824836,0.309321417473257
1.17061905097216,0.38423572294414
-1.58881330490112,1.06607322860509
1.5516295004636,1.17007449176162
-0.273382171057165,-1.74435151088983
0.646444039419293,1.33184170071036
1.17241407185793,0.113708773627877
1.99318975117058,1.46851745527238
-1.3165220534429,0.556567479856312
-1.43416403513402,0.233245361596346
-0.906559877097607,-1.20050585735589
1.92381646763533,-1.99698213487864
1.32407742645591,0.0730729065835476
0.180313704535365,-1.88009267859161
1.7689559860155,1.3793459199369
1.41720621660352,-1.33167053945363
1.76198553945869,1.54582875221968
0.0878280997276306,1.02447585295886
-0.358069295994937,0.999496557749808
-0.166090150363743,0.130941959097981
1.39528975263238,-1.06935399211943
-0.71510006301105,1.1869879886508
-0.572558814659715,-1.41201713960618
-1.65806421078742,1.04767871461809
-0.811205764301121,-1.89611628185958
0.45905748475343,1.59737863205373
-0.787267046049237,1.11864665709436
-1.62379357777536,-0.0478862626478076
0.456691846251488,1.99344140663743
0.668512391857803,0.146279942244291
-1.9834854286164,-1.58701463323087
-1.75946495402604,-0.627833303064108
1.38149516098201,1.21996582858264
1.29266634956002,-1.17748335842043
-0.0252268463373184,-0.36614643316716
1.93400567770004,1.0896634971723
-1.93820364400744,0.469063591212034
-1.58460272103548,0.678670431487262
1.77047790307552,0.792145417071879
0.705226651392877,-0.748972313478589
-0.881194539368153,0.528128643520176
-1.49350220616907,1.24688323587179
0.655482498928905,1.50053164735436
-0.396114092320204,1.40797304175794
-1.02756701689214,-1.58214903157204
-0.494616235606372,0.836389721371233
1.05842833127826,-0.875107990577817
1.751738560386,-1.52709615882486
-1.13951507490128,-0.0295004928484559
1.55247521959245,0.162230845540762
-0.161725472658873,-0.624489217996597
0.682692868635058,-1.36831556819379
-1.03839654009789,0.30478223413229
0.587688905186951,1.63180668838322
1.1664049141109,1.7124828370288
-1.85077289678156,1.80635037831962
-0.702473547309637,-1.10859003756195
-0.893611948937178,-0.50976534653455
0.547633115202188,0.269539673812687
1.36573703307658,0.0453584063798189
1.55230164527893,0.203848659060895
1.581488693133,1.90943114366382
-0.293801710940897,-1.10568951722234
-0.0270332461223006,0.204028052277863
1.91498689446598,0.450894316658378
1.30665966309607,0.384454041719437
-0.171158882789314,-0.00132239516824484
1.30509527307004,-0.136988199315965
-0.855572409927845,-1.03439236246049
0.297620988450944,1.20398309826851
-0.787200853228569,-1.031210786663
0.125596601516008,0.156077795661986
1.99001576937735,-0.00537557993084192
1.19798581022769,1.05735964886844
0.0795449018478394,0.589279653504491
-0.29669267963618,-1.47279811277986
-1.6689542895183,-0.314353702589869
-1.49972927663475,0.576264761388302
0.85499325953424,-0.624418733641505
-0.545940147712827,0.374978335574269
-1.04707625508308,1.61127059254795
-1.01063118316233,-0.888764440082014
0.72152787540108,0.401703309267759
1.56481870543212,1.48568070307374
-1.75368655659258,1.62197380419821
1.90670613478869,-0.853912155143917
0.387057301588356,-1.27503692638129
1.14252850413322,1.0390423135832
-0.16625870577991,-1.45188597496599
1.67638792190701,-1.75707812141627
1.19540671817958,1.72898416034877
0.671290776692331,-0.564984822645783
0.995905126444995,-1.75080308876932
0.024082126095891,0.248249454423785
-1.18825317826122,-0.0366938961669803
0.722765789367259,1.04651567991823
0.223148075863719,-0.627517743036151
0.323405706323683,0.21356360334903
-0.64766210410744,-1.33404912240803
0.468568062409759,1.28548938315362
-0.969700249843299,-1.4159439643845
-1.17872560583055,1.80136246327311
-1.32478022668511,0.632497518323362
1.11307596508414,1.26130008976907
0.44786424562335,1.67180052772164
1.0144948400557,-1.64342964068055
0.163192724809051,0.311703825369477
1.95945661794394,-1.39464508928359
1.45072495471686,-1.16785923019052
-0.488043468445539,0.854738309979439
1.90149365086108,-1.61977747920901
1.83143152389675,0.569986923597753
1.53625391051173,1.31081754807383
0.732719690538943,-1.75629415735602
-1.61892855074257,-1.18511466216296
-0.812808077782393,-0.0611229594796896
0.275578439235687,-1.65634763613343
0.135381726548076,0.717554088681936
1.9841285366565,-0.813968995586038
0.936242894269526,-1.34159796033055
-1.99097188841552,0.777762783691287
-1.02197094541043,-1.64699997939169
0.981645571067929,1.94490306358784
-1.91771352291107,-0.718456188216805
-0.786135019734502,1.97388294804841
-1.39561822079122,-1.84169442206621
-1.13480377849191,0.950036668218672
-0.75081741809845,-0.960143300704658
-0.219860977493227,-1.55855381395668
-0.802605830132961,-0.265501509420574
-0.481160322204232,-1.6968393791467
1.02608205005527,0.412878985516727
1.72224836423993,-1.68890257366002
-1.74347933195531,-1.61516580823809
-0.644525666721165,0.598364419303834
-1.69189661089331,1.57693723216653
0.673826581798494,-1.98779799509794
1.66623128950596,1.11858466640115
-1.29757324885577,-0.782987913116813
-1.5565885771066,1.47002241481096
0.511824883520603,-0.889351489953697
-1.39022173918784,-0.248328766785562
0.444144775159657,-1.64117482490838
0.669235583394766,-0.199899685569108
0.649864525534213,-0.968343683518469
0.579394358210266,1.47147911135107
0.838773335330188,-0.00617426540702581
-1.11119820177555,-0.982541705481708
0.982756596058607,0.218685287982225
-1.42959213349968,-1.02336908970028
-0.935292770154774,0.718472359701991
0.244775783270597,1.91333916224539
1.28759373817593,-0.742516768164933
1.17466425802559,-0.220594705082476
-1.17713219113648,-0.098784283734858
-1.11042697262019,1.65266699716449
0.675930962897837,-0.297763850539923
0.280061799101532,0.708732936531305
-0.592987505719066,1.49347751773894
0.874150352552533,0.943441908806562
-1.47822528425604,1.56166746094823
-0.299037739634514,1.48473737202585
0.465334982611239,-0.761997452005744
-1.33877497911453,-0.0745312180370092
1.20488908234984,-0.887308615259826
1.97244519088417,-1.09541383199394
-0.270645071752369,-0.77587008010596
0.792658691294491,0.188335488550365
1.85246586520225,-1.54219581000507
0.740479295141995,-0.627925422042608
-0.605596170760691,0.988072246313095
1.04391409549862,-0.931716755963862
-0.689008421264589,0.0769243286922574
-1.62068924866617,0.9425053820014
-0.463203616440296,-1.94419972877949
-0.773981715552509,0.715804624371231
1.76118391472846,-1.19514440465719
-0.0630992334336042,-1.58499337267131
1.71756064612418,1.29556765686721
1.37665294390172,0.94836631603539
-1.74614927265793,1.30802591517568
-0.542978686280549,1.70908895134926
-0.575566101819277,0.0667718518525362
-0.36026203725487,-1.16770530212671
0.215709767304361,-0.271748901344836
-0.999571577645838,1.89429745171219
-1.6758000664413,-1.1058238921687
0.246264334768057,-0.532314764335752
0.258017629384995,1.2719136653468
1.54495167639107,-1.84709326829761
1.71286793239415,-0.633828124031425
-0.147040473297238,-0.824404309503734
0.843425597064197,0.784474449232221
0.523627066984773,0.0742974849417806
-0.382173771969974,-1.67836828716099
1.09948974754661,-0.789886458776891
0.53216623980552,0.911540233530104
-0.734407317824662,0.753646842204034
-1.43112459406257,0.573084471747279
1.61183443106711,-1.18605111818761
-1.19650086760521,-0.876858440227807
-0.975111963227391,0.750658151693642
1.69595803692937,-0.0226805610582232
-0.556173834949732,-0.717645748518407
0.544921704567969,0.0574918715283275
0.768576140515506,0.416764643974602
0.356680826283991,1.25066114030778
0.72480533272028,-0.468211424537003
-1.35931865498424,-0.384067690931261
-0.142641907557845,-0.714571015909314
0.758001617155969,-0.794729494489729
-0.763918756507337,-1.73222080152482
1.85931283328682,-1.12760521844029
-0.345707673579454,-0.190118373371661
-1.05240489076823,-1.14958220627159
-1.30608800984919,1.91836759448051
-0.138640552759171,-0.188574466854334
1.19931302778423,-1.67158957198262
0.172364248894155,-0.877412938512862
1.84099449403584,-1.22369403671473
-1.20912692230195,0.709174393676221
1.84091287478805,0.69337831158191
-1.99921879637986,-1.72345411218703
0.0988200781866908,-0.140715803019702
-1.5568897780031,-1.7399357073009
-1.82930816244334,-0.134617228992283
0.723429346457124,-0.124505398795009
-0.045199983753264,1.00225907936692
1.2805282715708,0.322691244073212
-0.224554948508739,-1.06047974154353
-1.75909918360412,1.04865146428347
-1.9075658544898,1.6576759936288
1.74534293822944,-1.34928789548576
0.628456373699009,0.394173021428287
0.973879749886692,1.01769668702036
0.383887167088687,0.889760930091143
-1.60990120097995,0.611731225624681
-1.85123551543802,0.955466533079743
-0.247249381616712,-0.0910004489123821
-1.49735471978784,-1.40661195944995
-0.839303815737367,0.365643289871514
0.0280686523765326,-1.9638696918264
1.81372499931604,-0.151406912133098
1.37526338174939,-0.762623680755496
1.72967793606222,1.17409000732005
-1.12740609794855,-0.395319479517639
1.56155434809625,0.988454487174749
1.70313194300979,-1.53987964522094
-0.488655517809093,1.58396224770695
-0.0553016327321529,0.886382716707885
0.957767001353204,-0.209283214062452
1.3317380240187,1.7129062237218
0.824939175508916,-0.684423162601888
-0.450858235359192,-0.216503438539803
0.526052393019199,0.0397780099883676
1.29564621206373,1.05293626897037
-1.52103239111602,0.128261850215495
-1.26838859450072,-0.596427047625184
0.845108982175589,0.144193138927221
1.52324306685477,1.39870147593319
-0.318644222803414,-1.50549466814846
-0.220522403717041,-0.676941408775747
-0.640794075094163,1.63901507854462
1.17256958503276,-1.34518878534436
-1.50930959917605,-1.2966439165175
-0.840739352628589,-0.564556566998363
-1.23154736123979,-1.08102812059224
1.56581847183406,-0.278750692494214
1.88971494417638,-0.840677920728922
1.92457714024931,-0.486660468392074
1.7172577958554,0.540241844020784
0.711415315046906,-0.00824094843119383
-0.591634154319763,-1.14583010785282
1.9233205858618,-0.792946244589984
1.41516910027713,-1.17049543466419
1.41405635420233,1.30236311350018
-1.88450434990227,0.45928749628365
1.21153749525547,1.13902640994638
0.673588208854198,1.46269449684769
1.40192307904363,0.0620343293994665
-0.149867342785001,-1.71988577023149
-1.72739081829786,1.52866386808455
-1.37214525509626,-1.36705205496401
-1.51561392191797,-0.737918437458575
1.64130357466638,-0.981672786176205
1.87764630746096,0.220394905656576
1.89643435832113,0.641105360351503
-0.589928691275418,1.55900620575994
1.26489281188697,-0.791510307230055
-1.34250865038484,1.9273002082482
-0.92147715203464,-1.33963848464191
0.435021973215044,-1.97219123598188
-0.865668388083577,1.11453935597092
1.73760989215225,0.90825729817152
-0.202119033783674,-1.60569501947612
1.40087343007326,1.4724153559655
-1.0886147134006,-1.7226943243295
0.825263819657266,-1.52543054521084
1.15120350942016,1.67480750568211
0.496172226965427,0.116998462937772
-1.53905932512134,0.730151605792344
-0.0874068886041641,0.572091974318027
0.412033348344266,-1.61944602243602
-0.617635716684163,-1.00866173300892
-1.27432733122259,1.56475787889212
1.99765937868506,-1.62404718343168
-1.72083088383079,0.731804672628641
1.0203369082883,-1.88160127401352
0.294062823057175,-0.510869590565562
1.06190617755055,-1.32612555101514
0.625032412819564,0.21833324059844
1.56570455059409,-1.31958202924579
-0.127462478354573,-0.657971352338791
0.812714371830225,0.504025490023196
0.640794580802321,0.726845669560134
0.549639089033008,-0.220794356428087
-1.75723931007087,0.320017063058913
-0.447339102625847,-1.58569158334285
-0.0235851081088185,-0.356711304746568
0.443798721767962,1.7247432237491
1.47839486878365,-0.659173127263784
-1.64633072260767,0.531920802779496
0.318995715118945,-0.698996132239699
-1.86044456902891,-1.46263842377812
-1.31997974589467,-0.0949570583179593
-1.62847001850605,0.282301187515259
-1.82177745737135,1.64272007253021
-1.48713456001133,1.32314278185368
-0.297715866006911,0.295567195862532
1.05912674684078,1.0234455242753
0.687810217030346,1.81017415784299
-0.63414834998548,1.96084892749786
-0.0305499359965324,0.983393708243966
-1.61193003412336,1.30494024138898
1.7526451330632,1.07457639835775
-1.76010554283857,-1.99517661705613
-0.587834041565657,-0.541433984413743
1.68571857269853,0.581603362224996
0.611976682208478,-0.670872206799686
1.30197025183588,-0.671573081053793
-1.51938983798027,-1.92231089808047
0.786658345721662,0.0681679332628846
-1.12640203908086,0.387652571313083
1.81039588432759,-0.806202514097095
-1.86809918377548,-0.0174321178346872
0.823237081058323,-0.566571682691574
0.137568991631269,1.5068130120635
0.575353455729783,1.09739984292537
-0.656110846437514,-0.401151496917009
0.054413347505033,-1.54538770671934
0.824275028891861,0.91998881008476
0.22400866728276,-0.708316466771066
0.362152529880404,-0.751694919541478
-0.730077163316309,-1.80705190915614
1.47226672712713,1.40088897291571
-1.41602927166969,1.02782600466162
1.26295087952167,0.654412236995995
1.19952847622335,-1.76124619413167
1.66389727964997,-0.538654794916511
-0.0587933184579015,1.62289944384247
1.084018509835,-1.66037021484226
-1.56501037720591,-1.55515798740089
-1.33407754357904,1.58269700687379
-0.304044582881033,1.20236259512603
0.0516124339774251,0.291950046084821
-0.644892448559403,1.78992295730859
1.40766675397754,0.865964949131012
-1.9938165107742,-0.625694293528795
-0.809027028270066,-1.6601227754727
-1.56050206907094,1.0463728569448
0.758063762448728,-1.49939105659723
1.07029513362795,0.905722959898412
0.422893561422825,0.104365239851177
-1.31503505352885,-0.634899264201522
1.74946387019008,-0.540169583633542
-1.68892625812441,-1.60469043627381
0.939459026791155,1.54802301060408
-0.697489766404033,1.75241226796061
-0.984071794897318,-1.23167883232236
0.526646005921066,0.647836587391794
0.55054070148617,1.33035294804722
-1.77406019251794,-0.97919999808073
-1.56813867669553,1.73960284516215
0.761755258776248,1.82711150031537
1.50185383670032,1.44718243740499
-0.435772242024541,-1.60839213617146
-1.63166903425008,-1.2966489745304
0.075361855328083,-0.556366303935647
-1.56006523128599,0.90872575622052
1.76005773898214,-0.396147039718926
0.769543747417629,0.110870624892414
0.828662897460163,1.8465150250122
1.24743933230639,0.147212983109057
0.00315855257213116,0.78346424549818
1.53514178842306,1.8762591406703
1.18412180617452,-1.64819633029401
1.04321930743754,-0.0236720554530621
1.22990677785128,-1.07975186221302
0.729754992760718,1.26319957990199
-0.0561123974621296,0.179047143086791
-1.3344208765775,-0.586938136257231
1.38279710896313,0.0356513503938913
-0.347341895103455,-1.3881274368614
0.201835890300572,1.71762086637318
1.43486176151782,1.53907963819802
-1.1173758758232,-1.86181621998549
-1.35001087468117,0.321419610641897
1.83325380086899,1.09759944025427
-0.707278834655881,-1.17343946266919
-0.343695713207126,0.368707895278931
0.999386713840067,-1.30345308501273
1.18906984478235,0.418489392846823
1.5976027213037,1.87748795561492
1.90927631407976,1.4677321491763
1.73569954000413,-0.0529228849336505
0.770467462949455,-1.23038323689252
-1.05735943745822,0.116785038262606
1.59707688074559,-1.73193593416363
0.495804822072387,-1.33287559263408
-0.456848382949829,-0.545085375197232
-0.752201966941357,-1.74025704432279
1.70194557402283,0.556325661018491
1.44135728385299,-1.01075294893235
0.0567525811493397,1.16479292884469
0.698896226473153,1.41986736934632
-0.11571333091706,-1.88572688121349
-0.151901924051344,-1.89689567871392
0.133772742934525,-1.3913111332804
-0.75465136859566,-1.74361397698522
-0.229269272647798,-0.173082757741213
-1.82885032519698,-1.83830320462584
-1.04727601446211,-1.85585558880121
1.9615747993812,1.7479858128354
-0.945550017058849,-1.9972783215344
1.72327130753547,1.78363013081253
-1.93227298464626,-1.63812768924981
-0.47915115300566,-1.01299453713
1.76204579137266,-1.8063927795738
0.632268012501299,0.63386997114867
-0.0983154783025384,1.00774399191141
-1.69373019039631,-0.0372277395799756
0.510765147395432,0.164301096461713
-0.794835481792688,-1.1906632790342
0.915785281918943,-1.66457303985953
1.28272084519267,0.68525099568069
0.966219183057547,-1.42866944335401
1.77835989557207,1.11488737724721
-0.507371101528406,1.43877525720745
0.656239505857229,-1.22365071531385
0.189216382801533,-0.364902831614017
-1.63351210579276,0.197628703899682
-1.89702239912003,0.8902578484267
-0.131581075489521,-1.7328464910388
-0.102669936604798,1.93013701401651
1.78066809196025,-0.716765995137393
-0.215935287065804,1.64343287609518
-1.38946089986712,1.3458654647693
0.0637864088639617,-1.55178023036569
-1.02515873685479,-1.70341845136136
-1.44679133780301,-0.582869089208543
1.54489017277956,1.65425554011017
-1.86390233039856,-0.399755630642176
0.769291273318231,-1.29260495025665
-0.401775958016515,1.97273711208254
-1.58841356262565,0.63952178414911
0.76618698425591,0.78000270947814
0.673950118012726,-1.99379440303892
-1.12393588759005,-1.67936776671559
-0.0158354043960571,1.82102504558861
-1.67845286056399,1.17918404564261
0.264268808998168,0.083046299405396
0.093124020844698,1.79831536859274
1.99801943451166,0.532810517586768
0.441180834546685,-1.87078275810927
-1.1326309479773,-0.658623667433858
-1.77451492380351,-1.71209510229528
-1.66735876817256,1.81235609669238
1.63267286121845,-0.592209435999393
-0.914997093379498,-0.928661450743675
1.4477870836854,-1.69255613069981
-0.221704727970064,1.60104821249843
1.25875412207097,1.01051579974592
