-0.63023548014462,0.404748071916401
0.146652669645846,-0.663896159268916
0.887678677681834,0.886949917301536
-0.741682046558708,0.666897631250322
-0.0639629689976573,0.0999674834311008
0.1053481339477,-0.52221048111096
0.521026626229286,-0.638359798584133
-0.189435637556016,0.707096905913204
0.952796978875995,-0.548349077813327
-0.110381541773677,-0.850041150581092
0.323797516990453,-0.224900914821774
0.673778353724629,-0.698997118510306
-0.305455502122641,-0.0224535372108221
-0.701506274286658,-0.285874819848686
0.925288096535951,-0.735255993437022
-0.979170949198306,-0.670715515967458
0.620384288951755,0.737722073681653
0.028563525993377,0.254392573144287
0.68885800614953,-0.430258851498365
0.334451295435429,-0.699060495942831
0.963455724529922,-0.405978529714048
-0.769831849262118,-0.673598256427795
0.888083616271615,0.589727647136897
0.949375795200467,-0.301823178771883
0.00393976178020239,0.620794525370002
-0.985781923867762,-0.97061217809096
0.366806845646352,0.859440443571657
-0.449197602923959,0.623719390947372
0.571757825557142,0.977804311085492
0.227905819192529,0.420371460262686
0.54005571315065,0.773968314286321
0.250243459362537,-0.479399929288775
0.71814623568207,-0.125023995991796
-0.223710484802723,-0.0769977895542979
-0.562649613246322,-0.868128979112953
-0.448597946669906,-0.379237805027515
-0.915648947935551,-0.630653073545545
-0.633253543637693,0.510924832895398
-0.423880535643548,0.735689324792475
-0.194714528042823,0.145370007026941
-0.298714850097895,0.343997856602073
-0.949899286963046,-0.197797924280167
-0.600046940147877,0.713050001766533
0.943030857015401,-0.352555126417428
0.466382866725326,-0.319863519631326
0.953510369174182,-0.205967176239938
-0.240002241451293,0.120775260496885
-0.072383641730994,-0.606446346733719
-0.146113194525242,-0.813949625007808
-0.769381746184081,-0.119936691597104
-0.598130540922284,-0.144721854478121
0.961199963465333,0.657844251021743
-0.426052290014923,0.191833793651313
0.797943892423064,-0.0932459994219244
-0.705164441373199,-0.742646034806967
-0.950687324628234,0.47262274986133
-0.253282871097326,0.148753880988806
0.650656026788056,0.627391347661614
0.745392680633813,-0.778890200890601
0.905400473624468,0.138004161883146
-0.926263058558106,-0.509418167173862
0.957769598346204,0.771474464796484
-0.518034204374999,0.514423140324652
0.125673037488014,-0.389793809503317
0.387308173812926,-0.328108792193234
-0.587781111244112,0.838552511762828
-0.954375100322068,0.927519489079714
-0.368269512895495,0.331216834951192
0.0670866067521274,0.635593438986689
-0.62947298027575,-0.200964896939695
-0.643093479331583,-0.429131578654051
0.258939654100686,-0.399799436796457
-0.112652076873928,0.460401880089194
0.336327073164284,-0.376685997471213
-0.0428438340313733,-0.417179698124528
-0.635651573073119,-0.27847483381629
0.807600061874837,-0.211904765106738
0.559761054813862,-0.431682107038796
0.707441533915699,-0.655515063088387
-0.841471635736525,-0.415870045311749
0.680742355529219,0.890536161139607
-0.910069599747658,0.516765815205872
-0.406224003992975,0.30210887780413
-0.830020431429148,0.950962150003761
-0.972750137094408,0.0777389034628868
0.931563603226095,-0.797853111755103
-0.48649731464684,0.79029444232583
-0.224111618474126,0.588570889551193
-0.301206480246037,-0.722511386498809
0.301017967052758,0.0880086156539619
0.890488094650209,0.143491493072361
0.907267178408802,0.560505997389555
-0.76343109132722,0.674223617650568
-0.825681364629418,0.497199925128371
-0.869636685587466,-0.844608861487359
-0.789832463022321,-0.186627289745957
0.94992902642116,-0.670333008281887
0.00610047113150358,-0.596891592256725
-0.600556303281337,-0.643729777541012
-0.452266636304557,-0.738759518601
0.717383172828704,0.290320723783225
0.205597331747413,0.943961423821747
-0.246685532853007,0.638228974305093
-0.546522480901331,-0.586982995271683
-0.611421611625701,-0.51886358903721
0.959443944040686,0.0485003017820418
0.652741441503167,0.341770991683006
0.955429673660547,-0.884703096468002
-0.326517685316503,-0.974785980768502
-0.274287428706884,-0.580611399374902
-0.695758728776127,0.871624819468707
-0.19781408412382,-0.0283271088264883
0.362972892355174,0.708070972934365
0.825834343675524,-0.0482847839593887
0.427360599394888,0.659506960771978
0.351595709100366,-0.320596694480628
0.78165980335325,0.0576585186645389
0.748674941249192,-0.482686144299805
0.0848921318538487,-0.567997589241713
-0.566558819729835,-0.0519184153527021
0.785468056797981,-0.396566079929471
0.110437959432602,0.510432433336973
0.912850848399103,0.908622971735895
-0.333270553033799,0.0333682112395763
-0.703620817512274,-0.286360802128911
0.409132630098611,-0.839188718236983
-0.496878248173743,-0.897129356861115
0.477050605230033,-0.972482985351235
-0.915290325414389,-0.43635974265635
-0.918566779699177,0.264561044983566
0.509682666510344,-0.898106985259801
0.259327707346529,-0.285782108083367
0.616282813251019,0.343328482937068
-0.956225696951151,0.379077933728695
0.774709217250347,0.0744185294024646
0.770052717067301,0.828349021729082
0.697959894314408,-0.412981528323144
0.568372823297977,-0.0125960186123848
0.965147986542434,-0.513597838580608
-0.854000960942358,-0.536686806939542
-0.440176616888493,0.94192063761875
0.317991563118994,0.340224268846214
-0.580322945024818,0.981244904454798
0.0681762010790408,0.148745455313474
0.544479473028332,-0.285821138415486
-0.486677536275238,-0.367108247242868
0.488887225743383,-0.000668048858642578
0.417618370614946,-0.170207095798105
-0.580177567899227,-0.838274702895433
-0.681419763248414,0.00817921524867415
0.670881344471127,-0.0251000341959298
-0.134536216966808,0.761383169330657
0.529823428019881,-0.890278026927263
-0.60156447859481,0.373649377375841
0.798501430079341,-0.908522620331496
-0.820763815194368,-0.118246381171048
0.555931295268238,-0.719829812645912
0.357497385237366,-0.904803980607539
0.211295511573553,-0.09971111593768
0.495561682153493,-0.645700953900814
0.309714231174439,-0.671783099416643
-0.476572555955499,-0.809925229288638
-0.211079674772918,-0.573563536629081
0.281062800902873,-0.484760687220842
-0.810771914198995,-0.859203317202628
-0.623287393711507,0.74627697467804
0.96220718882978,-0.218160598073155
-0.964202977716923,-0.910910792183131
-0.784471493214369,0.140601899009198
0.678037518635392,0.630059652030468
0.723696968052536,0.706333637237549
0.599008769728243,-0.960536354687065
0.0453421925194561,-0.272976330947131
0.253969633020461,0.831835812423378
-0.634359060321003,-0.102819363120943
-0.485717428382486,0.188237128779292
-0.207029046025127,0.747208815999329
-0.650037919171154,0.619020798709244
0.588445554021746,0.20976852113381
-0.895679495763034,0.382644563447684
-0.697179437614977,-0.598852023016661
-0.793025770224631,-0.974676284007728
0.305078206583858,-0.515920500736684
-0.742129325866699,-0.883354054298252
0.413657957222313,-0.938895225990564
0.760648381896317,-0.967377753462642
0.0201273420825601,0.288672087248415
0.393540035933256,0.315866443794221
-0.486958917696029,0.995544830337167
0.385487022809684,-0.89869933295995
-0.796669234056026,-0.0396676193922758
-0.0611944021657109,-0.467608191072941
-0.8214778797701,0.222921469714493
-0.21000535460189,0.0792381861247122
0.723211916163564,0.504815174732357
0.516427207738161,0.847792106214911
-0.342060305178165,-0.687248173635453
-0.569607363082469,-0.774352940730751
-0.608431150671095,0.715322055388242
-0.544585673604161,0.534041869919747
0.234284326434135,0.138128255028278
-0.692059102468193,-0.93033356918022
0.995906913653016,0.671147366985679
0.173124053981155,-0.321766648441553
-0.666233123745769,0.614820301998407
0.298901604488492,0.411224481649697
-0.0970186623744667,-0.855565174948424
-0.274072207510471,0.294085138011724
0.451136236079037,-0.155066611710936
0.182898116763681,0.595799114089459
0.695224463474005,-0.998673557303846
-0.400033609941602,0.387773786205798
0.927538289688528,-0.74047073489055
-0.848483782727271,0.13509235996753
0.110301862005144,-0.876784920226783
0.348344624973834,0.828034778125584
0.775547743774951,-0.350393910892308
-0.814656692091376,0.662231247872114
-0.745558597147465,0.737389109097421
0.90619295462966,-0.00171389197930694
0.309477594215423,-0.61241446621716
0.525711672380567,0.094833099283278
-0.5723358662799,0.383533873595297
0.945626819040626,0.112290182616562
0.0561565398238599,-0.566811986733228
0.361130513250828,0.492033666931093
-0.0715952436439693,-0.7251638751477
0.628759224899113,0.664322518277913
-0.291379838716239,0.957465673796833
0.976070044562221,0.269318002276123
0.884304756298661,-0.971985075157136
-0.949336819816381,-0.0273626940324903
-0.464296037796885,0.528158114291728
-0.0238912682980299,0.493794692214578
-0.914868589024991,-0.11871434468776
-0.707868312485516,-0.116113409399986
-0.431771538686007,-0.852751513011754
0.370701448991895,0.589636918623
0.0764189907349646,-0.950824345462024
-0.443360173143446,0.681893167551607
-0.0651783724315464,0.520422819070518
0.996128152124584,0.555661500897259
0.759134158026427,-0.0129485721699893
0.417435890529305,-0.0248568109236658
0.564081832766533,0.823622749187052
-0.428015511482954,0.216742277611047
0.0820007328875363,0.992900223936886
0.221689568366855,-0.579216482117772
-0.364807539619505,0.811720770783722
-0.353050584439188,0.121812224388123
0.384011093061417,0.119913835078478
-0.314617585856467,-0.531004999764264
-0.140794485807419,0.473401322960854
-0.250686395447701,-0.0226416676305234
0.601023401599377,0.366085913497955
0.371370440814644,-0.810703776311129
-0.238620798569173,-0.186054802965373
-0.224429484922439,0.183854006230831
0.673129388596863,0.0410288870334625
-0.136027427390218,0.769458840601146
0.820732284337282,-0.892919840291142
-0.0783523237332702,0.434656043536961
-0.252543869428337,-0.940182136837393
-0.944473637267947,0.397908777464181
-0.482394845690578,0.781361778732389
-0.838317986577749,0.911277148406953
0.94653850235045,-0.71968476427719
0.355611923616379,0.582394706085324
0.402111064177006,-0.456096296198666
-0.0292688375338912,0.7542704786174
-0.99347513075918,0.916244463529438
-0.0375868105329573,0.920305161271244
0.00377914775162935,-0.955296400003135
-0.779539198614657,0.495132212061435
0.19812806462869,0.560859367717057
0.891550183296204,-0.284207481890917
-0.0283347978256643,0.0528612229973078
0.696716751437634,0.00232250476256013
-0.31087509682402,0.165798272471875
0.0536119183525443,0.813997986726463
0.958230349700898,-0.970660824794322
0.48399690631777,-0.0450828378088772
0.799226711504161,-0.375754435081035
-0.47012663539499,0.10375905316323
0.823090508114547,-0.785148669499904
0.905591954477131,0.161784919444472
0.759095720946789,0.613595087546855
0.00493004266172647,0.672051045112312
0.808281517121941,-0.994975401554257
-0.0740859797224402,-0.612341501750052
-0.74099660711363,-0.73475639661774
0.443028900306672,0.176819937769324
0.0710483230650425,0.514080410823226
-0.184210959356278,-0.825503388885409
0.863189992494881,0.446364157833159
-0.276731004007161,-0.122428432572633
0.324526908807456,-0.935941268224269
-0.964044972788543,0.478239166550338
-0.829462945461273,-0.539730899967253
-0.506317058578134,-0.946040154434741
-0.249605962540954,-0.822808989789337
-0.247610551770777,-0.550383370835334
0.623477758374065,-0.716879471670836
-0.940627018921077,-0.550341686699539
0.535940880421549,0.275448061525822
0.570790256839246,-0.332777146715671
0.154492099769413,-0.490680087357759
0.643042500130832,-0.460707965306938
0.785562730859965,0.330232233740389
-0.504236579407007,0.967089592479169
0.393677882384509,0.333863143343478
-0.360366359353065,-0.311243151780218
-0.384372794535011,-0.95051142713055
-0.951617332641035,0.62095332192257
-0.43094641668722,-0.548068917356431
0.365448615979403,-0.240019460674375
0.77647859742865,0.293874684721231
0.0936863580718637,0.330278790090233
0.0704147913493216,-0.650379193481058
-0.159002004656941,-0.0160019430331886
-0.381927219685167,0.81941390549764
0.72414038842544,-0.445217761211097
0.643278799951077,0.238784743472934
0.284555309452116,0.496520572341979
0.232119297143072,-0.620224728249013
0.403852306306362,-0.149666659068316
0.667349929455668,-0.354836903046817
0.943687027785927,-0.0682186889462173
0.867107677739114,0.26401778915897
-0.24482870940119,-0.751992186531425
0.656880059745163,0.0243828906677663
-0.0698632346466184,0.847202133387327
-0.15360981086269,-0.954547860193998
0.534145579207689,-0.940181239508092
0.696240583434701,-0.800190053880215
-0.241301502101123,-0.201976452954113
0.556169928517193,-0.947909229435027
-0.0171139002777636,0.688608144409955
0.864439177792519,0.730006650090218
0.345614455640316,-0.601363519672304
0.138902166392654,-0.667714569251984
0.30142236687243,-0.314925792161375
-0.802565215621144,-0.575314586982131
0.183078920003027,0.0348321720957756
0.528565415646881,0.341116596478969
-0.198519797995687,-0.873169788625091
-0.250270365271717,-0.877590377815068
0.674610761925578,-0.427245199680328
0.592465938068926,0.244415611959994
0.298127392772585,0.0479874182492495
0.854513294994831,0.79842177266255
0.494883199688047,0.110292008612305
-0.288622910156846,-0.889828284736723
0.87843817891553,-0.174245686270297
0.980154922697693,-0.98539411323145
0.838314306922257,-0.681215152610093
-0.653421098832041,-0.403325306717306
0.595324931666255,-0.579018195159733
0.537591433152556,0.0711536351591349
0.0980656621977687,-0.459750272799283
0.880140484776348,0.778150288853794
0.845338652376086,-0.396226641722023
-0.280223246663809,0.571474765427411
-0.381334975361824,0.998539887368679
-0.940568541176617,-0.389148144517094
-0.745557968970388,0.209325196221471
-0.352134179789573,0.884008523542434
0.75933794490993,-0.370831973385066
-0.251173656899482,0.00944446306675673
0.0332408272661269,-0.599744454957545
-0.140478400047868,-0.221569557674229
0.977671779226512,0.375084917992353
-0.578378031030297,-0.103126063011587
0.781540182419121,0.252562470734119
-0.0274773552082479,-0.419772735331208
-0.492311275564134,-0.217597442679107
-0.197103443089873,0.950829775072634
0.988694591913372,-0.180584242101759
0.125637209508568,-0.937717264518142
0.547972497995943,0.969803863205016
-0.331147931981832,-0.0820586821064353
-0.539940164424479,0.84208026016131
0.114221051335335,0.225675656460226
-0.525404469110072,-0.0636854940094054
0.81198890786618,0.1684715221636
-0.884574336465448,-0.633500803261995
0.0368181373924017,-0.211146290414035
-0.022771573625505,-0.697067646309733
0.842382134869695,0.433140385430306
0.59300480550155,-0.261364305857569
0.145478224847466,-0.22155204648152
0.819610591046512,0.285488969180733
0.77076396998018,-0.861890970729291
0.616701911203563,-0.865035355556756
-0.0926857278682292,-0.639788160100579
0.268272490706295,0.526475048623979
-0.6756073939614,-0.686879684217274
0.740558217745274,-0.562564422376454
0.181776005309075,0.401679529808462
0.641679763328284,0.434624016750604
-0.16951189097017,0.0628775153309107
-0.993507571518421,-0.495800553355366
-0.689542159903795,0.757679582573473
-0.592977674212307,0.167056808248162
0.608946772757918,-0.470566835254431
-0.188514543231577,-0.239283102564514
-0.518097458407283,0.684139408636838
-0.98580129025504,-0.0471692690625787
0.749031432438642,0.133757303934544
0.00164923444390297,0.749042299576104
0.0485879145562649,-0.81489779567346
-0.730856992769986,-0.913958149962127
0.159054528921843,-0.850161869544536
-0.781519141513854,-0.946038997732103
-0.100685551762581,0.605558308307081
-0.810758445411921,-0.956546717323363
0.731993458699435,0.164407881442457
-0.686419521924108,0.0288070188835263
0.884928057901561,0.718146565370262
0.228943340014666,0.242458972614259
0.54041471844539,0.118446927051991
-0.790729703381658,-0.678543260786682
0.842035639565438,0.717658769339323
0.536738587543368,-0.956813548225909
0.800059617497027,-0.155888806562871
0.631241056136787,-0.668019152246416
0.40465908870101,-0.706832380965352
0.567301767878234,-0.555389355868101
-0.764066994655877,0.901252060197294
0.270654823631048,-0.0591325894929469
-0.759154556784779,-0.0396102843806148
-0.263920355588198,0.818005290348083
-0.694254731759429,0.711084968876094
0.814762734342366,0.799717840272933
0.0298910108394921,-0.166439288761467
-0.061649102717638,-0.605487151537091
-0.340441052801907,0.910778451245278
0.169650052208453,0.237135551404208
-0.00942354556173086,0.0363725232891738
-0.349517257418483,0.105634773150086
-0.964433786924928,-0.886054697912186
-0.222531310748309,-0.779881570488214
-0.88381137046963,-0.614790285006166
0.233043769840151,0.18725026352331
0.195371358189732,0.813191532623023
-0.108952127862722,0.442572073079646
-0.524983499664813,-0.715408437885344
0.713311347179115,-0.849873625673354
-0.956649706233293,-0.755216758698225
0.387157548218966,-0.0790632921271026
-0.459597506560385,-0.0898096356540918
0.0209529548883438,-0.56068307114765
-0.199811483733356,0.458369766362011
-0.672311348840594,0.926883888896555
0.886277121026069,-0.283824536018074
-0.212102513760328,-0.487517157569528
-0.386804930865765,-0.736835154239088
0.962222627364099,0.197051644325256
0.497094760648906,-0.856112237088382
0.161712554749101,0.229866174049675
-0.0296371094882488,0.566470361314714
0.0923529993742704,0.233219558373094
-0.202058247290552,-0.558205924462527
-0.500067678745836,-0.502555683720857
0.653821220155805,0.177119580563158
0.378013147041202,0.868436782155186
0.342825135681778,0.681192462798208
-0.0557692623697221,0.0926761594600976
0.80705426633358,0.938535041641444
-0.825956916902214,0.195531561970711
0.879904213827103,-0.746867256239057
0.852523406036198,-0.950969967525452
0.646733040455729,0.641262626741081
-0.808873542584479,-0.880647624842823
0.217913282103837,-0.283762443810701
-0.575811092276126,0.236871010158211
-0.293764763977379,0.688884683419019
-0.455229508690536,0.925005537457764
-0.98478289693594,-0.00791124813258648
-0.392072130925953,-0.800064489711076
-0.716229379177094,0.80609917268157
0.109258562326431,0.188104222994298
-0.629211457911879,0.766816724091768
-0.0626220367848873,0.919379937462509
0.889474645722657,-0.370512554887682
-0.771420627366751,0.0510093159973621
-0.903541591018438,0.545643689576536
0.0552867040969431,0.349023315124214
-0.656966134440154,0.906722939107567
-0.658492781221867,0.318793934304267
0.614638438913971,-0.673231001477689
0.125973989255726,-0.175571077503264
0.805051141884178,-0.08982407534495
-0.721820128150284,0.596180932596326
0.305514254141599,-0.0440733954310417
-0.0207705195061862,0.83688100008294
-0.790898940060288,-0.217269169632345
-0.650565255433321,-0.566480472218245
-0.155926610343158,0.969815862830728
0.113132216967642,-0.641757308971137
-0.354332613758743,-0.910633503459394
0.463375949766487,-0.0151537396013737
-0.528735011816025,-0.74793098680675
-0.440451285801828,0.843615921214223
0.171265192795545,-0.298352875281125
0.786865031346679,-0.449910544790328
-0.557454572524875,-0.397508251480758
0.774894315283746,-0.658264043740928
-0.747514544520527,-0.709427033085376
0.85848619742319,-0.894575194455683
-0.867012495640665,0.580353810917586
0.112745855934918,-0.485109359025955
-0.880386558361351,0.523923264816403
0.970476095564663,-0.535040324553847
0.232147284317762,0.65548262745142
0.343338770326227,-0.275475745089352
0.930966272950172,0.715733605436981
0.475035439245403,0.447164978832006
-0.00978132663294673,-0.981829314026982
0.582618223968893,-0.84512461302802
0.119290007743984,0.394213601946831
0.586146004963666,0.512344500049949
0.316986136138439,0.0276683941483498
0.113402985967696,0.800377332605422
-0.0825441894121468,0.996467433404177
0.517278829123825,-0.267980734352022
0.702001043595374,0.425693298690021
0.0391841689124703,-0.915276322513819
0.920621349941939,-0.0949422894045711
0.0416408833116293,-0.626089186407626
-0.961200549732894,-0.615259296726435
-0.289080495014787,-0.423449652735144
0.909560275729746,0.189152454026043
0.749983626883477,0.447539309971035
-0.0833177552558482,0.272959385998547
-0.393928008154035,0.915856588166207
0.872410191223025,-0.687736257445067
-0.255482958164066,0.65019747801125
0.789006256964058,-0.970161429606378
0.485162449534982,-0.87057726457715
0.0733846491202712,-0.00256341695785522
-0.0508960969746113,-0.463711378164589
-0.596870377194136,0.546906627714634
0.916145162656903,0.154468216001987
-0.666497461963445,-0.836465927306563
0.428850180935115,-0.70885277306661
-0.347737344447523,0.94618992228061
-0.727743608411402,-0.372930868528783
-0.790378971025348,-0.769421751145273
0.968969303648919,0.233742186799645
0.266294916626066,-0.483245445415378
0.408748082816601,-0.599658095743507
0.662140532396734,-0.520901645068079
0.84490981278941,0.989438953343779
-0.132048480212688,-0.0758726596832275
0.569445417262614,0.698970259167254
-0.468853386119008,-0.630747134331614
0.955510958563536,-0.368792176246643
0.861460972577333,-0.0793941258452833
0.130858350545168,0.511613065842539
0.542126758489758,-0.226446777582169
-0.555411606095731,-0.804809195920825
0.856108355801553,-0.325972456950694
-0.824294359888881,-0.773146662395447
-0.776721100322902,-0.519104175269604
0.849713252391666,0.708577958401293
0.992833451367915,0.146539281122386
0.835503686219454,0.943561053834856
0.729505369905382,-0.252578278072178
-0.214151345659047,-0.394779429771006
0.75077651347965,0.839617639314383
0.528681118506938,0.908578243106604
0.051469384226948,0.624768923036754
-0.0555747817270458,0.81979004573077
0.767833890393376,0.5708631221205
-0.743453292641789,-0.420541790314019
0.71305241715163,-0.327821327839047
0.0407868344336748,-0.637410878203809
0.580789912492037,0.127814043778926
0.82036684313789,0.846911240369081
-0.418139181565493,-0.124171206727624
0.473739810753614,0.88636481622234
-0.254688423592597,-0.960759467910975
0.602528247982264,-0.983886628877372
0.0135964006185532,-0.792400825768709
-0.255214439705014,0.595800061244518
-0.624271539971232,0.414714572951198
-0.259655387606472,-0.295617895200849
-0.00839509349316359,-0.367478199768811
0.848243619780988,-0.185383518692106
-0.549397313501686,-0.68497704109177
0.380242186132818,-0.183834610041231
-0.614584849681705,0.627684433478862
-0.0888198302127421,0.612704312894493
0.158107628580183,0.941280295606703
-0.900126753840595,-0.504083024337888
0.568127537146211,0.140945667400956
-0.121546218171716,0.0977563755586743
-0.881950163748115,-0.141508439090103
-0.715238839853555,-0.813598200213164
-0.735180357471108,-0.269337251782417
-0.0909353089518845,0.0742282159626484
-0.62901048315689,-0.101448639761657
-0.486945473123342,0.236915851477534
0.761488838121295,-0.364506542682648
0.658657749183476,0.922795714810491
0.0859331828542054,0.641445348970592
0.887212454807013,0.666726522147655
0.591253027319908,-0.543732669670135
-0.634760672226548,-0.593549389392138
-0.297090566251427,0.771224782802165
-0.776388532482088,0.86320798099041
0.396147383842617,0.540008288342506
0.411953502334654,0.560679134912789
0.103510561399162,-0.154554127715528
-0.196964878588915,0.54963700985536
0.662882507778704,-0.749200642108917
-0.796483260113746,0.928078676108271
-0.427414758130908,0.239469194319099
0.22294066939503,0.123320184648037
-0.411107370629907,0.478840756230056
0.553660771343857,0.219671478029341
0.0943655581213534,0.721426844596863
0.0721854050643742,-0.345851651392877
0.808463219087571,-0.991823967546225
0.275176652241498,0.746316651813686
-0.574485234450549,-0.764043741859496
-0.93306244071573,0.565528783947229
0.729767294600606,0.399030840490013
-0.854527133982629,0.766827945131809
-0.161134844180197,0.851159560028464
0.564650045707822,-0.852589327376336
-0.680722388904542,0.988475841935724
0.797203769441694,-0.9548704107292
0.169812652748078,0.684308622032404
-0.521298937499523,-0.490757045801729
0.960871539544314,0.0961391548626125
-0.584473342634737,0.492723069619387
-0.0210983548313379,-0.476271535269916
0.609766807407141,0.368049087934196
-0.356085767969489,-0.824337408412248
-0.950226211454719,-0.853956231381744
-0.871234911959618,-0.687692752107978
-0.610420765355229,0.067046997603029
-0.370240812655538,-0.241296522784978
0.560301173478365,0.360752732492983
-0.765649745706469,0.671845454722643
0.290199347771704,0.8528837794438
-0.654840983916074,0.0465758913196623
-0.45491448789835,0.669524370227009
0.81106330268085,-0.753405960276723
0.917255180422217,-0.0598024120554328
0.331667512189597,0.874354030005634
-0.705746313557029,-0.533932974562049
0.866460964083672,0.933341183699667
0.0983486752957106,-0.523556852247566
-0.281235981732607,0.383011095691472
-0.729812266305089,0.810512685682625
-0.722526401747018,-0.29222729569301
-0.673059079796076,-0.480977499391884
-0.62390305660665,0.609589541330934
0.951391501352191,-0.0915963482111692
0.914885465521365,0.403201639186591
-0.663390950299799,0.0140504180453718
0.752743495162576,-0.820704328361899
-0.447788442950696,0.987236962188035
0.500799971166998,-0.495518893934786
-0.45335510186851,-0.150393784977496
-0.904277050402015,0.170032066758722
0.788584141526371,-0.622669108677655
-0.874264715239406,-0.984259941615164
0.278601338621229,0.0682973912917078
-0.489961647428572,0.250436872709543
0.97931559337303,0.260640242602676
-0.0119439815171063,-0.598783139139414
-0.561551303602755,-0.824872526805848
-0.527342166751623,-0.604776543565094
0.0706973867490888,-0.126712016761303
-0.362051039468497,-0.918709664605558
-0.916425994597375,-0.864731005392969
-0.892857302445918,-0.630314929876477
0.190509515814483,-0.114646943751723
0.121802779845893,-0.942700119689107
-0.446938173379749,0.693460811395198
-0.447770724538714,-0.725870332214981
0.323761759325862,-0.684957609977573
-0.362722122576088,-0.6943842433393
-0.229664607904851,0.17869538674131
-0.318644060287625,-0.0831715958192945
-0.192978471517563,-0.660178707912564
0.115160649176687,-0.88314472977072
-0.596791951917112,0.640834317076951
0.678512349259108,0.923302328214049
-0.348464398644865,0.18646347289905
0.114351936150342,0.980234130751342
0.0367412092164159,-0.0819920632056892
-0.553704081103206,-0.847957483958453
-0.339078369084746,0.846646215766668
0.537700452841818,-0.79929627571255
0.473799576051533,-0.985174145083874
0.784559811465442,-0.794448462314904
0.183381373528391,-0.317286068573594
-0.246811523567885,0.780462151393294
0.866308828350157,-0.175851940177381
0.0554675692692399,-0.8277473077178
0.817807189188898,0.551636313088238
0.144601662177593,0.777276172768325
-0.0765400151722133,-0.114870192948729
-0.604970864485949,-0.246052856557071
0.212433600332588,0.0880526825785637
-0.976116557139903,0.989232977852225
0.761530324816704,0.496987605467439
0.632991428487003,0.568040566984564
0.469160264357924,-0.140220918692648
0.198147986084223,-0.928564896807075
0.419496149756014,-0.234138767234981
0.658270852640271,0.235029116272926
-0.525073127821088,-0.551082264631987
0.941469780635089,-0.565335080493242
0.837079828139395,-0.385738654527813
0.0902784252539277,-0.283208057750016
0.292317192535847,0.804427570197731
0.856944373808801,0.609618501737714
-0.785849415697157,0.114858529996127
-0.51772962231189,0.766025395132601
0.614207754377276,0.175404279958457
-0.0743229002691805,0.69467848399654
0.793547194916755,-0.741432708222419
-0.992774040438235,-0.742648422252387
-0.634927834384143,0.968779693823308
0.5218222187832,0.735316334757954
0.963811316527426,-0.958080731332302
0.739532317500561,-0.101039568893611
0.293995565734804,0.378543154336512
0.732654922641814,-0.179392755031586
0.477081002201885,0.348740013781935
-0.280281313695014,-0.509471878875047
-0.916671569924802,0.807323549408466
0.941402939613909,0.230359047651291
-0.259826875757426,0.235081013757735
0.165351415518671,-0.880538371857256
0.917167393490672,0.433302413672209
0.671763601712883,-0.162779808975756
0.42462788335979,-0.345570458099246
-0.283990488387644,-0.615753215737641
-0.342890698928386,-0.416297329124063
-0.30104783596471,-0.0253780828788877
0.933045787271112,0.0475691640749574
0.602066100109369,0.16172372829169
0.259036042261869,0.688057305291295
0.326744164805859,0.0397767154499888
-0.336477878503501,0.232634285464883
0.162902545649558,0.190587291028351
-0.883254715707153,0.480839740950614
-0.0142169278115034,0.996720484923571
0.0824717408977449,-0.918359199538827
-0.59615961369127,-0.278872523922473
-0.767753483727574,0.11665063071996
-0.529823895078152,-0.374559694901109
0.00240419572219253,-0.252081835176796
-0.266692329663783,-0.995861743576825
0.267642897088081,-0.178199875168502
-0.291022575926036,0.221502461470664
-0.0125024844892323,0.42429689783603
0.990792373660952,-0.00702654011547565
0.498642347753048,0.682628922630101
0.110983714461327,0.185114725027233
-0.694368498399854,-0.963208504021168
-0.226375919766724,0.68082565581426
-0.605072468984872,0.437830587849021
0.743472633417696,-0.553350824862719
-0.187231817282736,-0.324000561144203
-0.4364582169801,0.985035712830722
0.288016576785594,-0.942532145418227
-0.431855867151171,0.628836564254016
0.357167960144579,-0.62885875441134
-0.941904718521982,0.711719642393291
0.161464761942625,-0.609077552333474
-0.0645399829372764,-0.284271674230695
-0.868872253689915,0.865258668549359
-0.00917980959638953,-0.572324329521507
-0.74969498347491,0.474741124548018
0.0926638203673065,-0.0408155890181661
0.271637242753059,-0.459794502705336
0.415575119666755,0.0847663613967597
-0.395595405716449,-0.317222805228084
0.804728263057768,0.733536721207201
0.65948570612818,0.214519123546779
-0.0770316221751273,0.108222810551524
0.306527944281697,0.728751230053604
0.875763118732721,-0.986678367014974
0.288157181814313,-0.225938959047198
-0.740520142484456,0.293345545884222
-0.155509352684021,-0.703768852166831
-0.208566354122013,-0.469119030516595
-0.303552076220512,0.388648110907525
0.0138938422314823,-0.825432870537043
-0.229094833601266,0.971065873280168
0.756305316463113,0.245987699832767
0.984987703152001,0.727112352848053
-0.470679838210344,-0.356878046412021
-0.977054716553539,0.911258986685425
0.262327501084656,0.897476239595562
-0.169209643732756,0.200567941647023
-0.0251630139537156,-0.723984989803284
-0.513623489998281,-0.71764977183193
0.667165854945779,-0.989458945114166
0.983440669253469,-0.912753342650831
0.860088504385203,0.966249294113368
-0.359635449014604,-0.889318356756121
-0.444437439087778,-0.4751091375947
-0.676613235380501,0.264648053795099
0.127676013857126,-0.194365294184536
-0.910042284056544,0.54930297890678
-0.122661163564771,-0.998476089444011
-0.427411990705878,-0.38360295118764
-0.940769017674029,-0.26906308112666
-0.275039607658982,0.435667853336781
0.239061632193625,0.668798873666674
-0.813596628606319,-0.0325453323312104
-0.854947763960809,0.685120889451355
0.748823921196163,0.0619931379333138
0.774692408274859,-0.597337251063436
0.126006389502436,-0.0149392955936491
-0.922001999802887,0.45249668462202
0.205271035898477,0.140532433521003
0.128755753394216,0.298802444245666
-0.871104345656931,-0.152038421481848
-0.148668406996876,0.432872406672686
0.97098878538236,0.409522661939263
0.26868314947933,-0.0929716192185879
0.94684788165614,-0.725297881755978
-0.425093809142709,0.154224639758468
0.396663557272404,-0.696556043345481
0.673372020944953,-0.219318837393075
-0.303066144697368,-0.995821700431406
0.748311929870397,-0.515109990723431
-0.584521098993719,-0.496514685917646
0.324586033355445,0.795585717074573
0.3385304142721,-0.37232063151896
0.953319735825062,0.661169908940792
0.674602639861405,0.989182504359633
0.687673826701939,0.494002365972847
-0.946812875568867,-0.907306366134435
0.374407307244837,-0.479426767677069
-0.356283058878034,-0.610331651289016
-0.128121885471046,0.912966525647789
0.0115171023644507,-0.0633171196095645
-0.980384552385658,-0.699699555989355
-0.251864693593234,0.285098936874419
-0.739242789335549,0.922508195508271
-0.194546518847346,0.938873297069222
0.577637384645641,-0.781578715424985
-0.538371094502509,0.883852957282215
0.449096813797951,0.222326045390218
-0.323521502315998,-0.192818765994161
0.968489502090961,0.983421340584755
-0.356954237446189,0.29364411951974
-0.823740482330322,0.871931727044284
0.511025195475668,-0.635596959851682
0.62310287496075,-0.70302443485707
-0.30462609231472,-0.844031524844468
0.605731255374849,-0.455868538003415
0.870578241534531,0.81581165175885
-0.668590207584202,0.684988019987941
0.895906340330839,-0.470714344643056
-0.367017148993909,0.0308745843358338
-0.72727430658415,0.962574143894017
-0.00191323878243566,0.669668761081994
-0.876685278955847,-0.888893587049097
-0.531161073595285,0.176610841415823
0.665601078420877,-0.327141642104834
-0.0686171939596534,-0.308487252797931
0.309373859316111,-0.984538634307683
-0.333509397227317,0.0508741964586079
-0.0236693820916116,-0.577053774148226
0.279559440445155,0.963813707698137
-0.290006789378822,0.176466583274305
-0.523127073887736,-0.124708933290094
0.416553562041372,-0.291259956546128
0.451449675951153,-0.436518140602857
0.910031606908888,-0.006689696572721
0.559181342832744,0.462365507613868
0.0530849397182465,-0.125028296373785
-0.837465216871351,-0.0195788601413369
0.404445485211909,-0.294393713120371
-0.490883603226393,0.273386666085571
0.441236306447536,-0.364225366152823
0.964152169413865,-0.164902347140014
-0.624616141431034,0.271516635082662
-0.00576812075451016,-0.57316126069054
0.078977417666465,0.050391043536365
-0.716022361069918,0.3476841468364
-0.55642148014158,0.474349444266409
0.304712531156838,-0.555640325881541
-0.380781892687082,0.13512376928702
0.258570752572268,-0.329341834876686
0.586094106081873,-0.229420184157789
0.237768049351871,-0.68700290704146
-0.120513333939016,0.495094309095293
0.181700767017901,-0.762686960399151
0.725377242080867,-0.768427479546517
0.00229818932712078,-0.881430977024138
-0.105468413326889,-0.620494392234832
-0.0541277518495917,-0.145835583563894
0.240307444240898,0.0716414721682668
0.46157295582816,-0.758306035771966
0.040839004330337,0.392758526839316
-0.655395913869143,0.0744116273708642
-0.433553544804454,-0.374471657443792
0.970358346123248,0.100933249108493
0.160132778342813,0.820598817896098
0.790698849130422,0.35686698416248
0.713612420484424,0.602102556731552
0.69776827422902,-0.671493248082697
0.997377331834286,-0.105541061144322
-0.212277594022453,-0.6683359160088
0.702540792059153,0.697753555141389
0.444747671019286,0.697573320940137
-0.526755293831229,-0.364227466285229
0.481122834142298,-0.928845623042434
0.673587755765766,-0.10203792899847
0.0472606718540192,0.105969164520502
0.0141271222382784,0.970962825231254
0.284664831589907,0.883344437461346
-0.743340102490038,0.643319569062442
-0.117442011833191,-0.132544356398284
0.206543939653784,0.531649097334594
-0.142103999387473,0.451727914623916
0.436677126679569,-0.961470412556082
-0.335385723505169,-0.654761957470328
-0.697258353698999,-0.381449592765421
0.191937661264092,0.685635128524154
-0.359729737043381,-0.940392106305808
0.860500542446971,-0.323748303111643
-0.991692702285945,-0.722192807588726
0.670343161094934,-0.164734404534101
0.586510360706598,0.932466093450785
-0.96866068802774,-0.770448280964047
0.111667898483574,0.388508582487702
0.277925754431635,0.987067625392228
0.0363206611946225,-0.154776464682072
0.328701356425881,-0.755834999494255
-0.777806678786874,0.104729272425175
0.755522712133825,-0.807946960441768
0.017501134891063,0.51863610977307
-0.890953030437231,0.771876002196223
0.355574230197817,-0.72309104166925
0.0386553923599422,-0.401841379702091
-0.477309379260987,0.332222709432244
-0.741150055546314,0.678576742764562
-0.215215590782464,-0.664880434516817
-0.789987089578062,-0.878480206243694
0.907877067103982,0.0920564830303192
0.0472956215962768,-0.0717789558693767
0.434349288698286,0.411020117346197
-0.108151066116989,-0.139294355176389
0.480165157467127,0.781541477888823
-0.718108740169555,0.227488480042666
-0.0603365474380553,0.208019606303424
-0.323629013262689,-0.283885433804244
-0.417405536398292,-0.434486150275916
0.208143731579185,0.640988690778613
-0.599204719532281,-0.686998868826777
-0.672207419760525,0.958208082709461
-0.60053351894021,0.597103158477694
0.203614740632474,-0.660208306740969
-0.049146544188261,-0.196778442244977
0.940675476565957,0.569398642051965
0.74248523125425,0.510319835972041
0.874468185938895,0.397480946034193
0.228659714572132,0.35989496530965
-0.518733514007181,0.629096082877368
-0.760522625874728,-0.491932914126664
-0.754434971138835,0.0464058332145214
-0.88600254477933,-0.944558662828058
-0.95908853597939,-0.711358303204179
0.181319510098547,-0.261514129117131
0.250757886096835,-0.412437482271343
-0.19292024243623,-0.717996636871248
0.620842093601823,0.805095389019698
-0.88564271107316,-0.405743400100619
-0.422582900617272,0.637997929938138
-0.196942417882383,0.720401578582823
-0.480527070350945,-0.459316947963089
0.0439277496188879,0.485950441565365
-0.844546189997345,-0.546628095209599
0.220700259320438,-0.499769687186927
-0.650893486104906,-0.828737387433648
-0.281331677921116,-0.812956826295704
-0.335566482972354,0.545195358805358
0.404377460945398,-0.509985736105591
0.476510183420032,-0.647449075710028
0.995385460089892,0.490989599376917
0.269546919967979,0.730044494848698
0.487748379353434,0.682514729443938
-0.907004677224904,-0.426214070059359
-0.262730115093291,0.633640287909657
-0.135499787516892,-0.624248523730785
-0.868133935146034,0.732577921822667
0.358927957713604,0.31443914398551
0.660253583453596,-0.0696211350150406
-0.65646636299789,-0.332565541844815
0.0307612624019384,0.750861076638103
-0.593959882389754,-0.563806873280555
0.422589917201549,-0.859281706158072
-0.089258040767163,0.963434746488929
-0.661754507571459,-0.10771619156003
-0.360267791897058,-0.574074842967093
0.703864588867873,-0.713559158146381
0.00263771833851933,-0.486750312149525
0.718361261766404,0.198555067647249
0.423253599088639,-0.34918749332428
0.511042320169508,-0.885798692237586
0.48931668093428,-0.154097680002451
-0.256360491272062,0.957010195590556
-0.239281567279249,0.659004396758974
-0.880032236687839,-0.149863277561963
0.858517970889807,0.616498216055334
0.128957516048104,-0.614625530317426
-0.231354883406311,0.732900368049741
0.60806371551007,0.13807078730315
-0.433163140434772,0.6739138267003
-0.1356285167858,0.269242351409048
-0.315310433506966,-0.112625875044614
0.816682659089565,0.224750847555697
-0.82760819979012,-0.461664536502212
0.847590098157525,-0.476620917208493
0.731530181132257,0.258673361036927
0.799854213371873,0.897518408019096
0.0146712861023843,0.399611873552203
0.486748104449362,0.180530720856041
0.836971941404045,-0.734291494358331
0.227072461042553,0.399081883020699
0.693212460260838,0.658082083333284
-0.258164990227669,0.182409786153585
-0.960412770044059,-0.43409683322534
0.761762278620154,-0.883875051513314
0.719979086425155,0.771362305618823
0.912971942685544,0.476789202075452
-0.442139521706849,-0.725232090801001
-0.851815475616604,-0.44438950298354
-0.585111598949879,-0.86362477298826
0.0990239982493222,-0.887420213315636
-0.629743374884129,-0.161992976441979
-0.396373912226409,-0.131437848322093
-0.425720284227282,0.00894699571654201
-0.318000548984855,0.869109335821122
0.795924205332994,0.204434929415584
0.38828690443188,0.33817168418318
-0.416350904386491,0.57065824046731
-0.0433953455649316,-0.732404010836035
-0.670353772118688,0.0424552597105503
-0.869538804516196,-0.76308924285695
-0.837231747340411,0.775432835333049
-0.552656685002148,0.422994003631175
-0.20877238502726,-0.164815079420805
-0.605085366405547,0.413305371534079
0.17346165003255,-0.623461018316448
-0.631071142386645,0.198865626938641
-0.902735833544284,0.452606146223843
-0.11008661147207,-0.986269473098218
0.791138982865959,-0.842440049163997
-0.410772895440459,0.477485201787204
-0.377831153571606,-0.0971502219326794
0.706278051249683,-0.248855271842331
0.628919201437384,-0.852656877599657
0.335046274121851,-0.870346618816257
0.0615271790884435,-0.224658160470426
0.588779567275196,-0.704366160556674
0.6662632022053,0.0923160337843001
0.176571356132627,-0.20471528172493
0.731771383900195,-0.622546112630516
0.565351662691683,0.0720759588293731
-0.597093461081386,-0.0977067481726408
0.229821524582803,-0.490081651136279
0.810584576334804,0.653573086950928
0.0627428381703794,-0.560486597940326
0.888848984614015,-0.227618961129338
-0.526429378427565,0.128733347635716
0.813751390203834,0.127964329905808
0.989690966438502,-0.82212130073458
0.829226277768612,0.39535706769675
0.751925101038069,0.776940881740302
0.10339133348316,0.0300567555241287
-0.862385489512235,-0.11374986730516
-0.554342867340893,-0.311697214841843
-0.802300571929663,-0.683620374649763
-0.648441228084266,0.723193216137588
0.217619126196951,0.72921483637765
-0.055006283801049,0.585224574897438
-0.374602536670864,-0.610622002277523
-0.685548100154847,-0.44661166658625
-0.385513359680772,0.266725022811443
0.806298883166164,-0.731317346915603
-0.725902816746384,0.352609010413289
-0.785989817231894,0.859005207661539
-0.663082832470536,0.673808577470481
-0.232943788636476,0.0680431923829019
0.518456498160958,0.899354798719287
0.332049398683012,-0.910209159366786
-0.743746384512633,0.18236172478646
-0.79925173567608,-0.127301959786564
0.0775440200231969,0.697433293797076
-0.470906954724342,-0.171557221096009
0.854255662299693,0.684452394489199
0.634846871253103,0.0144764143042266
-0.467500824015588,-0.261644458398223
0.228003721218556,-0.0229698535986245
0.813901112880558,-0.462195340078324
-0.681062158197165,0.312617572955787
-0.564800740685314,0.486809317022562
-0.0988743947818875,-0.770141425542533
-0.569956259801984,-0.434073760174215
-0.841647794470191,0.259506945032626
-0.0826999400742352,-0.349598455708474
0.764624187257141,-0.471401510760188
0.021781946066767,0.0614438834600151
-0.138441646937281,0.866717404685915
-0.167677929624915,-0.933755447156727
-0.491699721198529,-0.191850222181529
0.883689810987562,-0.642075138632208
0.944496130105108,0.529274491593242
-0.2654042779468,-0.775370760820806
-0.53950117668137,0.59111420949921
-0.460897912736982,-0.774904584046453
0.300640786532313,-0.105816818308085
-0.823919112794101,-0.0686136209405959
0.674347031861544,0.629610287025571
0.960269732866436,-0.24556607240811
0.753534703049809,0.936898225918412
-0.306515815202147,-0.0347183807753026
0.0307341665029526,-0.911704995669425
-0.120613002218306,-0.20750137604773
0.467221997212619,0.686837788205594
-0.540103385224938,-0.312751112040132
-0.185724296141416,0.891985029447824
-0.115989615209401,-0.877534314990044
0.0160981151275337,-0.757613828871399
0.241100635379553,-0.676453622058034
-0.599078524392098,0.901034259237349
0.402998612262309,0.00257618399336934
0.588005094323307,-0.0542949950322509
0.186053518205881,0.497433914337307
0.810324405319989,0.706246652640402
-0.999954035039991,0.965963467024267
0.600496848113835,0.319676660001278
0.656056414358318,-0.0772313182242215
0.769107630010694,-0.962301297113299
-0.429081878159195,-0.597965553868562
-0.899681228213012,-0.624260149430484
-0.2827397598885,-0.330896381288767
0.593034667428583,-0.38421935075894
-0.409968592692167,-0.8160758651793
-0.367082299664617,0.222436503041536
-0.512104806024581,-0.953763041179627
0.911545405164361,-0.861596464645118
-0.308779358398169,0.797385160811245
-0.731093036476523,0.0993390125222504
0.455456409137696,0.526173343416303
0.867348258849233,-0.593672328162938
0.690161171834916,-0.886166444979608
0.7969278562814,-0.902592009864748
-0.738178635947406,0.619056872092187
-0.351594739127904,-0.905909926630557
0.733433708548546,0.463356445077807
-0.0226188162341714,-0.458283748943359
0.315378235187382,0.357210196554661
-0.51905846176669,-0.752561458386481
-0.281394737772644,0.846575894858688
0.191556122153997,0.158087586052716
0.894066858105361,0.982398146297783
-0.0864303931593895,-0.162588580045849
-0.0564912101253867,-0.624635566957295
-0.48803736269474,-0.829861644189805
0.643295280635357,-0.227693790569901
-0.51919388351962,0.619666950311512
0.616433664225042,0.881055877078325
0.28797213267535,-0.25665002502501
-0.7545206528157,0.524466662667692
-0.970620767213404,0.563685624860227
0.182421777397394,-0.695719114504755
-0.509587183594704,-0.387226185295731
0.347250610589981,-0.530672190245241
0.649409983307123,0.898876185528934
-0.734336980152875,0.45483165839687
-0.0581116918474436,0.502779878210276
0.187620904296637,-0.0995171898975968
0.821413476485759,-0.192856713663787
0.565114291384816,0.252062923274934
0.70232509681955,0.944594624917954
0.330808258149773,0.394300287589431
-0.471975400112569,0.859781749546528
-0.725596635602415,-0.565814114175737
0.142924909479916,-0.843079436570406
-0.232802962884307,0.242541331797838
0.457715372089297,-0.557085141073912
-0.589763042982668,0.874610505998135
0.446918425150216,-0.473470280878246
0.461513116024435,0.0597459627315402
0.360610394272953,-0.996265765279531
-0.806598264258355,-0.108875886071473
-0.199474555905908,0.079840449616313
0.665801665745676,0.25396898528561
-0.167186497244984,0.216510320547968
-0.836105740629137,-0.286428843159229
0.952100647613406,-0.518428046256304
-0.453947684261948,0.411399073898792
-0.620565647725016,-0.14372697006911
0.289202608633786,-0.348645541351289
-0.323891745880246,-0.401771782431751
0.0463059963658452,-0.492421238217503
-0.104069005232304,-0.568530769553035
0.557307809125632,0.616020518355072
0.0298409624956548,-0.852940991986543
-0.451055618468672,-0.399646964855492
-0.054551959503442,0.330251682549715
-0.711628008633852,0.912681593094021
-0.667460625991225,0.0961117981933057
-0.425983188673854,0.641292851418257
0.649498080834746,0.206577538046986
-0.801844440866262,0.9936015852727
0.581668178550899,-0.104942106641829
-0.633089632727206,0.630941537674516
0.642516275402158,-0.90113860508427
0.032401330769062,0.50433470774442
0.374837126582861,0.683457530103624
-0.159966030623764,0.764968492556363
0.368769430089742,-0.0963386646471918
0.35055945487693,-0.980198299512267
0.276328658219427,0.25061693508178
-0.953343866858631,-0.167981824371964
-0.257245625369251,-0.894084690604359
-0.63659503031522,0.697557028848678
0.187975340057164,0.790187231265008
0.0191877116449177,0.521551050711423
-0.282100367359817,0.958693485707045
0.808261734433472,0.939427308738232
0.544623718131334,-0.468037689104676
-0.871959778945893,0.468244791030884
0.00630168570205569,0.595772308297455
-0.911711068823934,0.0173736517317593
0.713375963270664,-0.790426587685943
0.679554789792746,0.473600266035646
-0.325848249252886,-0.545071470551193
-0.25845145015046,0.772285576444119
-0.961622519418597,0.24905546521768
0.650130091700703,0.91666754335165
0.878819026984274,0.151674469001591
-0.742164568044245,-0.397597229108214
-0.594224164728075,-0.814615023788065
-0.71067870547995,-0.554933298379183
-0.837393453344703,0.0578459980897605
0.931905808858573,0.527160220779479
0.407253140117973,0.122116054873914
-0.492912712041289,0.857914913911372
-0.912869200576097,0.161288979463279
-0.514716745354235,-0.966575392056257
0.373919154517353,-0.875954897142947
-0.717331524938345,-0.207941183820367
0.380565127823502,0.247975028119981
0.636430646292865,0.888427274767309
-0.396672323346138,-0.535537489224225
0.955122900661081,-0.594738546293229
0.635773659683764,-0.558959727175534
-0.838288316037506,-0.848548707552254
0.548229679465294,0.0810929611325264
0.220320417545736,0.27139235381037
-0.168866570107639,-0.504961309023201
0.441769411787391,-0.371492768172175
-0.22607462760061,0.27858642488718
0.10615298198536,0.400908085983247
-0.0301587986759841,-0.440875392407179
-0.22837045788765,0.260940440464765
0.948473833501339,0.361738814972341
0.499369194265455,0.53623527707532
0.160216199699789,-0.236996627878398
0.467931891791523,0.527616031002253
0.370034834370017,-0.908965918235481
-0.157261306419969,0.252671797759831
0.540228164754808,0.345102169085294
0.0884309774264693,0.07292874250561
0.984076235443354,-0.0538826803676784
-0.462073521222919,-0.224973188713193
0.618282662238926,-0.033708909060806
0.406688236165792,-0.0607834593392909
-0.707320760469884,0.830915382131934
-0.410877768881619,-0.867369227577001
-0.561025725677609,-0.502730034757406
0.4928242941387,0.560826638713479
0.399146353825927,0.510394875425845
0.998143400065601,0.842034252360463
0.943041953258216,0.0940546379424632
0.109289567451924,0.24330642959103
-0.625481697265059,0.665928646922112
-0.677771613933146,0.52657519467175
0.940688391681761,-0.00144544057548046
-0.762516592629254,-0.350077748764306
-0.285275733564049,0.800871366169304
-0.234077306929976,0.544981342740357
-0.890918594785035,0.421553500462323
0.333117770962417,0.683458744548261
0.680624880362302,0.689299392979592
0.145662143826485,0.387212838511914
-0.836984586436301,0.182892002630979
0.783479570876807,-0.757338030263782
-0.633008181583136,0.674500099383295
-0.298379210289568,0.799485961906612
0.752278383355588,-0.558511247858405
0.40599432727322,0.925820379517972
-0.760208721738309,0.227753506973386
0.871620369609445,-0.586757149547338
-0.400404330808669,-0.0422902330756187
-0.450212728232145,-0.433095940388739
0.110202756244689,-0.969677182845771
0.259766261093318,0.769337460398674
-0.354045279324055,0.922047852538526
0.870048102457076,0.674167901743203
0.504380098544061,-0.283516539260745
-0.4536078479141,0.860438679344952
0.0562287806533277,-0.950414839666337
0.469100991729647,-0.331708858720958
0.463733939919621,0.0124107603915036
0.425822106190026,-0.659502760972828
0.273190495558083,-0.872498839627951
0.506404080893844,-0.421665732283145
-0.151508047711104,0.300802921876311
0.482572386972606,0.935771979391575
-0.724005884025246,0.464146837126464
-0.349212388042361,0.886651278007776
0.516662807669491,0.832840004004538
0.0527767078019679,-0.141717294696718
0.753348313271999,0.760572930797935
0.0108416536822915,0.573885095305741
-0.678410396445543,-0.743011631071568
0.589351165574044,-0.412608532235026
-0.869741627480835,-0.512893130537122
0.0740790539421141,-0.834119592793286
0.0867827013134956,0.561726620420814
-0.786092971917242,-0.613372495863587
0.235352547839284,0.247556306887418
0.074234229978174,-0.449036662932485
-0.909748529084027,-0.371823079418391
-0.284911402501166,0.641931053251028
0.771984124556184,-0.761821755208075
-0.42528346600011,-0.0198194952681661
-0.274299495387822,0.209937521256506
-0.952278156299144,-0.463676768820733
0.826244436204433,-0.108076506759971
-0.449793637730181,0.940783007070422
-0.137799890246242,-0.467741841915995
-0.329642564989626,-0.882850982248783
0.998451733030379,-0.317296192515641
-0.943701948970556,-0.0893339817412198
0.289946497883648,0.451557755470276
-0.34308420214802,0.838387896306813
-0.988942289259285,0.733283854089677
-0.81151488237083,0.0849680500105023
-0.172891834750772,0.906381817534566
0.0936636449769139,0.83356569102034
-0.771867169067264,-0.97614043019712
0.249620635528117,-0.355311833787709
0.814445135183632,-0.0892485911026597
0.194285262841731,0.944235038012266
-0.0162514038383961,0.90852690115571
-0.993142082355917,-0.085562739521265
-0.350005645304918,-0.959206651430577
-0.402215756010264,0.35342123825103
0.115332699380815,-0.592202774249017
0.373506234958768,0.715757766272873
-0.337808353360742,-0.794565999414772
0.988346020225435,-0.620279597584158
-0.342887558043003,-0.251647410448641
0.257719659246504,-0.670623568817973
-0.529950919095427,0.379877978004515
-0.4865568196401,0.913876163307577
0.553156657610089,0.951039933599532
0.186472674366087,0.50433208886534
0.0782279563136399,-0.693971219472587
-0.367815608158708,0.1070073293522
0.800697841215879,0.135074866935611
-0.669471540022641,-0.334648690186441
-0.249560876283795,0.325899303890765
-0.954864834435284,0.61037290468812
-0.785691174212843,0.993846247904003
-0.943177510518581,0.501973182428628
-0.825758630875498,-0.707731414586306
-0.0402302723377943,-0.871438248082995
0.378588718362153,0.110014809761196
0.269739729352295,0.79606894729659
-0.587038416881114,0.676076721865684
0.566963555291295,0.0201825071126223
0.56199859501794,0.832676830235869
0.850507802329957,-0.816229617688805
-0.00578943872824311,-0.125331570859998
0.739594521466643,-0.84148479718715
0.644097783602774,-0.659615530632436
0.820361083373427,-0.372210188768804
0.382040868047625,0.921473166905344
-0.727273786440492,-0.425226590596139
0.749212314840406,-0.66307573299855
0.952341536991298,0.323115790262818
-0.166512151248753,-0.628248462453485
-0.735175928100944,-0.876479252707213
0.259037573821843,0.5477209771052
-0.860668145120144,0.468537223991007
0.938007807824761,-0.522870969492942
-0.792875332292169,-0.164922253228724
-0.114535988308489,0.218750831671059
-0.0518532213754952,-0.48926800256595
-0.12289939308539,0.867722962982953
0.710828308016062,0.359329412225634
-0.452417296823114,0.262087059207261
0.49371141474694,0.0076115932315588
-0.00134703237563372,0.179631972685456
0.2941664904356,-0.0160469049587846
-0.168568265624344,0.298467262648046
0.992992883548141,-0.338051518891007
0.611271979287267,0.715484548360109
0.983693819027394,0.905061188619584
-0.902740751858801,-0.813473704271019
0.340015472844243,0.126562534831464
-0.543384904507548,0.320612782612443
-0.00881407549604774,-0.0571027919650078
-0.480190948117524,0.901310763321817
0.508780747652054,0.00840302137658
-0.342250457964838,-0.318077438045293
0.434751815162599,0.0691056484356523
-0.118117270991206,-0.461605911143124
-0.577493595890701,-0.177205218933523
0.0275417333468795,0.514949980191886
-0.000787624157965183,-0.376642170362175
0.629448064602911,0.698211927432567
-0.0819113305769861,0.673474436160177
0.785014193505049,-0.749118194449693
-0.580116727389395,0.821576320100576
-0.333921231329441,0.820758187677711
-0.664013209287077,0.121817498467863
0.870929940138012,0.723792594857514
0.194087557960302,-0.889361354522407
0.49522222019732,0.459448299370706
0.252845294773579,-0.450207750778645
-0.0682426267303526,-0.0674062026664615
-0.775131898932159,-0.198355983942747
-0.377967787906528,0.0901568159461021
0.655023027211428,0.761913614347577
0.224239808041602,-0.395887284073979
-0.323086785618216,-0.221783502958715
0.281716871075332,0.00453662825748324
0.0158167639747262,0.640708910301328
0.205039458815008,-0.716186027508229
0.096554497256875,0.269786574877799
0.688702068757266,0.705300117842853
-0.28967935172841,0.660375543870032
0.330004288349301,0.709972703829408
-0.597249383106828,-0.96955055417493
0.333283649757504,0.324637996498495
-0.159681404940784,-0.359243419952691
-0.723914455622435,0.132121423259377
-0.10606630332768,0.653571269940585
-0.612814989406615,-0.61360326083377
0.8307073879987,-0.888347817119211
-0.35240207798779,0.392625086940825
-0.124725637491792,-0.744793944060802
-0.136490130797029,0.19078164966777
-0.559321157168597,-0.415471146348864
0.304743122309446,0.20145967323333
0.0320671745575964,-0.326256444677711
0.137403324246407,0.850149292964488
0.270654064137489,0.595953142270446
-0.0310406489297748,0.0290189394727349
-0.793404541909695,0.652884820010513
-0.0328311095945537,0.0323121715337038
-0.546498876530677,0.583905724808574
-0.576084795873612,-0.622621792368591
0.985709959641099,0.1592798512429
-0.564796946942806,0.89901355933398
0.559580968692899,-0.875725781545043
-0.722349856048822,-0.872539943084121
-0.0859295218251646,0.962304343469441
-0.832762126810849,0.449195275083184
0.427138770464808,-0.0805962267331779
0.023613749537617,0.513528825715184
0.370387781877071,-0.731767003890127
0.302084536291659,-0.280458948109299
-0.142827501986176,0.272037123329937
0.652879576664418,0.232786627486348
0.519544148351997,-0.581032020505518
-0.762927118688822,-0.826402395498008
0.0157713228836656,0.329775613732636
0.759225754067302,0.689057583920658
0.221019085496664,0.817283965647221
0.636234729550779,0.259057575371116
0.133364493492991,0.126824159175158
0.150646411348134,0.287619608454406
-0.679057916626334,0.893884955439717
0.134112144820392,-0.132551165763289
-0.71775797335431,0.608917017932981
0.832510957494378,0.695072935894132
0.277635181788355,-0.836733959149569
-0.603141004685313,0.940023604314774
0.0561480168253183,-0.764893024694175
0.886166526470333,0.0278013930656016
0.0164336450397968,0.57386505138129
-0.0981862992048264,-0.523392061237246
-0.791383531875908,-0.914438346866518
0.982207417488098,0.369957172777504
0.366035528946668,0.465492921881378
-0.0921896793879569,0.588422853965312
0.286287569440901,0.211219026707113
-0.486310345120728,0.261624365113676
-0.798200928606093,0.277575294487178
-0.3273745928891,0.605720564723015
0.666314274072647,-0.43525000102818
0.0380723425187171,-0.0871627465821803
-0.458095782902092,0.456773606594652
-0.595187715720385,0.856582020875067
-0.666054273024201,-0.101341208443046
0.412837621290237,0.818441156763583
0.0815039770677686,0.0746729616075754
0.13211530726403,-0.50999344419688
0.840493554249406,-0.505330036859959
-0.361509945709258,-0.956536648795009
-0.389435810502619,0.425119936931878
0.8585573467426,0.735741023439914
0.7046496453695,-0.178069882560521
-0.377607353497297,-0.931575067806989
-0.394191350787878,-0.420202746987343
0.467791981529444,-0.236707961186767
0.169153842143714,-0.154473172966391
0.496981194708496,-0.731287632603198
0.419112709350884,0.97724518738687
0.349246181547642,-0.435262298677117
-0.627640975639224,0.345056655816734
0.847077655140311,-0.78365597082302
0.606751246843487,0.901607586070895
0.541830362286419,-0.797252873890102
0.136165158357471,-0.117108900565654
0.327213168144226,-0.372135196812451
-0.792922899592668,0.215832472313195
-0.813527399674058,-0.823037691414356
0.285057288128883,0.573859768919647
-0.0644695181399584,-0.267402939498425
-0.145432501565665,-0.974306768272072
-0.698766597080976,-0.785926522687078
0.527441496029496,0.480052509810776
-0.99523779284209,-0.912437286693603
-0.789335543755442,0.225140155758709
0.763688632287085,0.495038608554751
0.975879400037229,-0.483323969878256
-0.64785985974595,-0.186828952748328
-0.90923637105152,-0.245645035989583
-0.720588930416852,-0.592951600905508
0.698939566500485,-0.300439131446183
-0.526519454084337,0.496843591798097
0.0784421092830598,0.7111243493855
0.268805148079991,-0.642504662275314
0.850730761419982,0.899745203088969
0.0757892867550254,-0.457284114789218
0.176094485446811,0.0547348381951451
-0.382903594058007,-0.134348240215331
0.443576639983803,0.253920293413103
0.438904567155987,-0.531644012778997
0.470875552855432,0.202244018670171
0.582989698741585,-0.915501611307263
0.856699469033629,0.792336673010141
-0.954561920836568,-0.819758274592459
0.79883291432634,-0.599089243914932
-0.516306027304381,-0.315007332712412
-0.772358152549714,0.978922276291996
0.0196277853101492,-0.290548375807703
0.609622731339186,0.829909530468285
-0.88868088228628,-0.861495544668287
-0.595582834910601,-0.449869017582387
-0.221524192485958,0.575241962913424
-0.0977731426246464,0.828944391570985
-0.491396657656878,0.474659870844334
0.940956562757492,-0.177285133861005
-0.246233973186463,-0.405931528192014
0.746904987376183,-0.985634727403522
-0.473514799028635,-0.0609177271835506
-0.126118031330407,0.0869897808879614
0.646913436241448,0.271874376107007
0.32866541761905,0.977380538359284
0.732442520558834,-0.502610613126308
-0.819178930018097,-0.388114402536303
-0.482686799485236,-0.294442803133279
0.232698645442724,0.672465659212321
-0.0636256211437285,-0.900806789752096
0.0401589958928525,0.601379390340298
0.102696769870818,-0.0575207057408988
-0.175258042290807,0.705795439425856
-0.806730578187853,0.213482348714024
-0.611292491666973,-0.662230077665299
-0.909163519274443,0.993453339207917
0.285551898181438,-0.156870680861175
0.805489125661552,-0.400525925680995
-0.485845426097512,0.787076516542584
0.131593539379537,0.55271605309099
0.101848201826215,0.981380684301257
0.265196782071143,0.0019226772710681
-0.210466609802097,0.167596663348377
0.117763897404075,-0.799205487128347
0.791098369751126,0.043797513935715
-0.481903247069567,-0.108300596941262
0.143218297045678,-0.454008910339326
0.183378812391311,-0.81625936133787
-0.522287345957011,-0.645011853892356
0.781943626236171,0.433513802010566
0.336712442804128,-0.0465658898465335
-0.93994570011273,-0.37774866214022
0.721449265256524,-0.166485075838864
-0.382271807640791,0.74703015293926
0.935795460827649,-0.578065129928291
0.901862912811339,-0.473163619637489
-0.709770509507507,0.896018569823354
-0.0174094871617854,-0.144277161452919
0.505344864912331,-0.664222499821335
-0.742489079479128,-0.80048211524263
0.250453470274806,0.149797897320241
-0.98329356405884,-0.765965459402651
0.149635976180434,-0.899921827483922
0.49523022165522,0.0401185359805822
-0.40667151613161,0.239584044087678
-0.97493051039055,0.0443111541680992
-0.174622210208327,-0.767266279086471
-0.0179053810425103,0.473709609825164
-0.877027977723628,-0.328765856102109
-0.506106176879257,0.676836090628058
0.509082084521651,0.555361333303154
0.603897655848414,-0.0711860777810216
-0.617967539932579,-0.730355641338974
-0.314521803986281,-0.112422408070415
0.538206567522138,-0.488073658198118
-0.138447978533804,0.891246892511845
0.176011979579926,0.17741300817579
0.325121393892914,-0.0958670414984226
-0.0339814978651702,0.362668100278825
0.967293743509799,0.00869930814951658
0.76894447626546,-0.891832128167152
0.307859035208821,-0.186718307435513
0.112388738896698,-0.971007262356579
0.510796305723488,-0.504867237061262
-0.376367114949971,-0.664741737302393
-0.280332615599036,0.549775131046772
-0.180004615802318,0.942208047956228
-0.556735842023045,0.294004317373037
-0.00134915579110384,0.538814742583781
-0.926014187280089,-0.0210451111197472
-0.789246344007552,0.285812654532492
0.738758861552924,0.553907986264676
0.188012389466166,-0.853474714793265
0.179064072202891,-0.226150050293654
0.542736360803246,-0.228999173268676
0.147973574697971,0.349168231710792
0.836204801220447,-0.161051719449461
-0.0912453215569258,-0.794806789141148
0.508267230819911,0.610173710156232
0.234796731267124,-0.943575656972826
-0.709208823740482,-0.833961358293891
-0.404085628222674,-0.000653983093798161
0.481693144422024,-0.222270956262946
0.703852805308998,-0.123769416939467
-0.901665030047297,0.302921628579497
0.838067717850208,0.352453188505024
-0.588361581787467,-0.552279808558524
0.844419869594276,0.24657728523016
-0.849168535321951,-0.841645803768188
0.424342251848429,0.669096871744841
-0.631334969773889,0.503517560195178
0.823628783226013,-0.159218820743263
0.911761682014912,0.625896979123354
-0.210580298677087,0.107625382486731
-0.963444553781301,0.261227372568101
-0.21588019002229,0.267977446317673
0.950605102814734,-0.120228450279683
-0.447821515146643,0.346555085852742
-0.37094218749553,0.0589511105790734
0.442454916425049,-0.138623596169055
0.924301711376756,0.941345859318972
-0.535532243549824,-0.977864886634052
-0.944904725532979,0.322196586988866
-0.0132028241641819,0.396712419576943
0.238444127608091,0.109139923471957
0.578098195139319,-0.986237599514425
-0.125416559167206,-0.300145758781582
-0.00530805950984359,-0.839199966285378
-0.951168888248503,0.410481437575072
0.240999000612646,0.611031630542129
0.264887861907482,0.473450141493231
0.303297077771276,-0.516738809179515
-0.496431380975991,-0.307084602769464
-0.234569179359823,-0.648116932716221
0.22931978199631,0.201377690304071
0.809232654981315,-0.833592261653394
0.0211730301380157,-0.797756820451468
0.133189233485609,0.659105794038624
-0.0421367934904993,0.779544978402555
0.526572319213301,0.25091421790421
-0.278435980901122,-0.426125457510352
0.77996919862926,-0.254504689946771
0.246180383488536,-0.721146885305643
0.558862614445388,-0.297037874814123
0.269626606721431,-0.393520942423493
0.683473761659116,-0.650333857163787
-0.613384671974927,0.0691069434396923
-0.29969504987821,-0.0915587116032839
-0.763856882695109,0.506930748932064
0.961584316566586,0.282205724157393
-0.242220336571336,0.584298538044095
0.888332239352167,0.58944793837145
-0.785129393916577,-0.774435658939183
-0.836456689052284,-0.890594072174281
-0.750233506783843,0.316552841570228
-0.177183538675308,-0.65401782700792
-0.787106058094651,-0.447359178680927
-0.706574234645814,0.426554885227233
0.447415668517351,-0.509607988875359
-0.927000381052494,-0.511529348324984
0.745165188796818,-0.775929860770702
0.144021093379706,-0.0112385586835444
-0.0811029691249132,0.947344515006989
0.590718257240951,0.172616411931813
-0.346173784229904,-0.412717784289271
0.16291208891198,-0.759988422971219
0.0409529902972281,-0.498406264930964
0.898800044320524,-0.803821451030672
0.797018931247294,0.0645520389080048
0.544643099419773,-0.0761274318210781
-0.0441069235093892,0.91941791260615
0.748247049283236,0.0609483108855784
-0.726497133728117,-0.54426770331338
-0.010313949547708,0.999731115996838
0.390420479234308,-0.332496266812086
-0.998320021666586,0.552388744894415
-0.986986126750708,-0.0109928580932319
-0.785023547708988,-0.675329649355263
0.0414589792490005,-0.215545978862792
0.360365768428892,0.609993593767285
0.305691482964903,-0.446512310765684
-0.414456247352064,0.451190325897187
0.0836002044379711,-0.130860034376383
-0.911523562390357,-0.542418971657753
0.619244496803731,0.714636580552906
-0.62432519486174,-0.947677603922784
0.0935842161998153,0.951618205290288
-0.701298914384097,0.00839605834335089
-0.809381702449173,-0.41923840623349
0.340356767177582,0.408294698223472
-0.892990081571043,-0.115078291390091
-0.58037471678108,-0.0823191259987652
-0.98165579745546,-0.497400548774749
-0.863461788743734,0.30552665470168
0.519938693847507,-0.40563373407349
-0.8817383274436,-0.233745965175331
-0.475923247635365,0.058562932536006
0.0380399110727012,-0.283705190755427
0.828320438507944,0.709802761208266
-0.0572367990389466,0.522803877014667
0.893229354638606,-0.737122328020632
0.759036778472364,-0.249181588646024
0.474676891695708,-0.272869618143886
-0.262354907114059,-0.983515252359211
0.0451026847586036,0.358480065129697
0.567720859311521,-0.431663368828595
-0.336087889969349,-0.601418739184737
-0.0628823558799922,-0.427173390984535
0.898551955353469,0.256988638080657
-0.845898253843188,-0.185077661648393
-0.529910808894783,-0.34063132526353
0.990346904378384,0.436226406600326
0.300375565886497,-0.399937053211033
-0.0587242962792516,-0.397010633256286
-0.0338504812680185,-0.257581076119095
0.330016606952995,-0.656340315472335
-0.976330349687487,-0.458659925498068
0.683113283943385,0.0935724498704076
0.0501795411109924,0.925192623864859
0.874131586402655,-0.372019845526665
-0.50762654049322,-0.820734431967139
0.510253253858536,0.180671473499388
-0.36150695476681,0.0325937625020742
-0.593467528931797,-0.792591551318765
-0.150008844677359,0.0217502452433109
-0.674703965894878,-0.409364306367934
-0.924738314468414,-0.0535481451079249
-0.770264282822609,-0.00821877364069223
-0.462734103668481,-0.912881672848016
-0.29680238943547,0.1432612137869
-0.275434576440603,0.406344035640359
0.97929891385138,0.411391937173903
-0.534107647370547,0.349453122820705
-0.920456945896149,-0.0369709180667996
-0.325208875816315,-0.434212430845946
0.405054835602641,-0.80575412325561
-0.104168712161481,-0.05347865447402
-0.740131083875895,0.368841802235693
-0.579721337649971,-0.162055215332657
0.749329471495003,0.885360932908952
-0.258478334639221,-0.710233731660992
0.960702158045024,-0.269166523590684
-0.407187592703849,0.289690481498837
0.631642828229815,0.0710664363577962
0.891499157063663,-0.702571506612003
-0.929808744695038,-0.554990583099425
-0.93464290490374,-0.999332300852984
0.918744858819991,0.811720686499029
0.415309314150363,0.864400142803788
-0.700650038663298,-0.0374623010866344
0.866329328622669,-0.597206533886492
-0.266037026420236,-0.861406967975199
0.247641542926431,-0.303750124294311
0.999599690549076,0.610742788296193
0.288698087446392,0.70105748437345
0.904662014450878,0.909320139326155
-0.824665354099125,0.885687578003854
0.81780449859798,-0.795819884166121
-0.225844895001501,0.381635923404247
-0.46605310915038,-0.615079226437956
-0.20823656860739,-0.149947097525001
-0.274097974877805,-0.709319171961397
0.202850693836808,-0.288578569889069
0.449250953737646,0.312168282456696
-0.0365790352225304,0.0708961943164468
0.171368728857487,0.455877746455371
0.364033207297325,0.365383338183165
0.372558229137212,0.031758890952915
0.631160673685372,-0.6479866001755
0.057756781578064,0.652125942055136
0.0397836705669761,-0.395128917414695
0.166388399899006,-0.294114307500422
0.198990235105157,0.797663955949247
0.0935987439006567,0.572047977242619
-0.385362174827605,-0.323740589432418
0.439928011503071,-0.935667215846479
-0.576716054230928,0.282261694781482
-0.884219788014889,-0.567387705668807
-0.454927615821362,0.896369395777583
-0.940333585720509,-0.654776541981846
0.222781644202769,-0.276888174936175
0.865423992741853,-0.416958709713072
-0.403414038941264,-0.195006297901273
0.528475339524448,0.307481072377414
-0.721794904675335,0.883497914299369
0.0618266630917788,-0.32756580458954
0.581450800411403,-0.450864063110203
0.426610225811601,0.542204312048852
0.726560041308403,0.410427139140666
0.684644853230566,-0.436202755197883
0.264949402306229,0.5187679217197
-0.611498855054379,0.436666501685977
0.269560430664569,0.320659888908267
-0.329737067688257,0.701245437841862
0.836322729475796,0.27578820893541
0.665048218797892,0.77112595224753
0.433874281588942,-0.787326953373849
0.704575249925256,-0.437026732601225
0.828167227096856,-0.0211428944021463
-0.26661649113521,-0.575730536133051
0.978655863087624,0.144641107879579
0.0271658804267645,0.844112807884812
0.918898013886064,-0.51157988095656
-0.0063007022254169,-0.892927773296833
0.622964109759778,-0.268221224658191
0.15015640668571,-0.823653011117131
0.849308425560594,0.488307682797313
0.430042412597686,-0.951284436974674
0.755205563735217,-0.945326014887542
-0.726863345596939,-0.763675894122571
-0.0403742059133947,-0.621457637753338
0.168122895993292,0.457711911760271
0.117558303754777,0.453491536900401
-0.589083768893033,0.785275221802294
-0.769328861963004,-0.941896372940391
0.862684705294669,0.289317620452493
0.0903535247780383,-0.0561928772367537
0.662719529122114,0.0574534451588988
0.454979008529335,0.831825098954141
0.670296743046492,0.487601281609386
0.477283062878996,-0.0277215708047152
-0.175804863218218,-0.483757420442998
0.242694940418005,-0.977154784835875
0.728435133118182,-0.268814163748175
0.686965606641024,-0.096954395994544
0.0373334484174848,-0.92159351054579
0.747083886060864,-0.724400085862726
0.940080480650067,-0.131569453980774
-0.33024138584733,-0.766903056763113
0.928434457629919,0.886954477056861
-0.383111581206322,-0.275433846283704
-0.253084146417677,0.993197435047477
-0.0778238708153367,-0.641354898922145
-0.708895494230092,0.736805079039186
0.490244318731129,0.54329373780638
0.86096566868946,0.475757944397628
-0.919279108289629,-0.485992210917175
0.92084205430001,-0.408508911263198
-0.245752611197531,-0.543926232028753
0.504177073482424,0.0172927114181221
0.272663600277156,0.961776022333652
0.363592753652483,-0.556803160812706
0.400403172709048,0.651653060689569
-0.0777462064288557,0.877200989983976
-0.525494447443634,0.762563280295581
-0.855177068151534,0.845424470026046
-0.587448203936219,0.72124167624861
0.0549232186749578,-0.337390783242881
-0.851375917904079,0.588392730336636
0.463895558379591,-0.0107402880676091
-0.0738323503173888,0.714926342014223
-0.219910889863968,-0.373643878381699
-0.669711974449456,0.484671812970191
-0.172845371998847,0.739772875793278
-0.187888246960938,-0.403109391685575
0.284971112851053,-0.0047406661324203
-0.929586825892329,0.0492318547330797
-0.0479066893458366,-0.313015568070114
-0.70366539247334,-0.209926988463849
0.286376622971147,-0.379185653291643
0.0660513774491847,0.108322666957974
0.161261677276343,-0.0318772485479712
0.631474986672401,0.0754106971435249
-0.357357997912914,0.968996324110776
-0.142982857301831,0.979114138521254
0.229608161374927,0.210915037430823
0.346194658894092,0.509636709000915
0.928062674589455,-0.500786453485489
-0.28091840678826,-0.281961421016604
0.685015026479959,0.0745439282618463
0.391599241644144,0.683716455474496
-0.736325522884727,-0.845528156496584
-0.848563637118787,0.546915164683014
0.12918266095221,-0.188550351187587
-0.7064956035465,-0.659612252376974
-0.35744491731748,0.00954743847250938
-0.881189285777509,-0.558909452985972
0.962045267689973,0.424324296414852
0.0861541200429201,0.0810445165261626
-0.908289190847427,0.174319050274789
0.503417525440454,-0.191035534720868
-0.0280928085558116,0.106501792557538
-0.861007874365896,0.520130163989961
0.728874034713954,0.97938461555168
0.217399262357503,-0.910703499801457
0.150559647474438,0.712973055429757
0.91774942073971,0.602781476452947
-0.65435837674886,-0.911449443083256
0.509299008641392,0.639256656635553
0.0359386694617569,-0.309170637279749
-0.32246030960232,-0.760892187710851
0.686006214469671,-0.355323623400182
-0.638761450070888,-0.572580619715154
-0.622258014045656,-0.523602582048625
-0.85510840639472,-0.576459551230073
-0.685818340629339,-0.0749092604964972
-0.971310204360634,0.0455274782143533
-0.68287791358307,-0.0176212191581726
0.341679979581386,-0.374172013718635
-0.310027622617781,-0.974204674828798
-0.111424605362117,0.00867492286488414
-0.974739078432322,0.880531762726605
-0.478593161329627,0.975801853928715
0.446017289999872,0.119399107992649
0.95615374436602,0.756500300019979
0.739012967795134,0.948142451699823
-0.884436945896596,0.876208988483995
0.122642119880766,0.314610311761498
0.212172147352248,-0.0146254682913423
-0.182676891796291,0.258567309938371
0.416424995753914,-0.927115460392088
0.275238597765565,-0.996894081588835
0.0101826069876552,-0.365028573665768
-0.796135522890836,-0.27569799637422
-0.893885287921876,0.376841227058321
0.273013378493488,-0.329083265271038
-0.133569089695811,-0.673977895174176
0.442284763325006,0.291651304811239
0.189117622561753,0.979022535961121
-0.991548269055784,0.574060545768589
-0.880850532092154,0.0724984141997993
0.981052124407142,0.277498035226017
0.0313238385133445,-0.654659801162779
-0.888428482692689,0.00718565983697772
-0.52623498858884,0.886363796889782
0.303287024144083,0.359315663576126
-0.226172587834299,-0.0349080925807357
-0.52035720879212,-0.39537808066234
0.530001422856003,0.59042732231319
-0.90716889128089,0.31361121404916
0.481791579164565,0.413611277937889
-0.889858480077237,0.489786771126091
-0.312296985182911,0.603607581462711
0.38495435891673,-0.036237905267626
0.468059592880309,-0.419371370691806
0.638412795495242,0.608448708895594
0.732673580292612,0.0628828592598438
0.117847648914903,-0.333351445849985
0.785226447042078,0.89379841228947
0.645355347543955,-0.699929814320058
0.227400931064039,-0.762988188769668
-0.941555485595018,0.124062617309391
0.803921210579574,-0.255838884972036
-0.463592289015651,-0.155701457988471
0.702095830347389,-0.728435678873211
0.760356962680817,-0.800169597379863
-0.866859538946301,0.417947188485414
-0.815430640242994,0.547560587525368
0.623936501797289,-0.49612830253318
0.683164693415165,0.319053367711604
0.269640165846795,-0.970631175208837
0.342568961437792,0.447840571403503
-0.282440511044115,0.393993609119207
-0.743725462816656,-0.776530475355685
-0.938335539773107,-0.497640502639115
-0.620921891648322,0.961128949187696
0.452636275440454,-0.362965319305658
-0.01152762491256,0.122593462932855
0.995307477656752,-0.985683475155383
-0.0772756799124181,0.154660708736628
0.585309525486082,0.19211786147207
-0.794406652450562,0.533036614302546
0.775814750231802,0.585037245880812
-0.136691085528582,-0.872175755444914
0.323222019709647,0.665920850355178
0.586207035928965,0.0568543868139386
0.996594875585288,0.734258727636188
-0.658261026721448,0.278283739928156
-0.717082017567009,0.116622680798173
-0.453279938548803,-0.600252928677946
0.961908233817667,-0.998491067439318
0.662038713227957,0.0365364532917738
0.0901568522676826,-0.940046339295805
0.884477993007749,0.689672959968448
0.708603108301759,-0.665835269726813
0.880992769729346,0.772914376109838
0.0439140498638153,0.512237926479429
-0.179034647997469,0.499748278874904
-0.0830450751818717,0.0654709795489907
0.69764487631619,-0.534676996059716
-0.357550031505525,0.593493994325399
-0.286279407329857,-0.706008569803089
-0.829032105393708,0.523839357309043
-0.405602882150561,-0.948058140929788
0.229528742376715,0.798689316026866
-0.393633523024619,0.55932332854718
-0.81189678888768,-0.0239431313239038
0.228345923125744,0.996720703318715
0.334256195928901,0.0731399711221457
-0.991742714308202,-0.793507316615433
-0.879732477013022,-0.313916651532054
0.690747580491006,0.609982914291322
0.646333174780011,-0.588741679210216
-0.0126134231686592,-0.18307321658358
0.967002838850021,0.544831748586148
-0.969101822003722,0.234531795606017
-0.79230136051774,0.339335215743631
0.885238951537758,0.396072708535939
0.352613325696439,-0.374486156739295
-0.440597269684076,0.264064321760088
-0.746751103084534,0.623441617935896
0.327741249464452,0.750265823677182
-0.198057046160102,0.703986520878971
-0.513783508446068,-0.791074515786022
-0.247308117803186,0.418194860685617
0.529214165639132,-0.437553995288908
0.875869280193001,-0.763548079412431
-0.569757537450641,-0.014750246424228
0.776237609796226,0.081115422770381
-0.0808627363294363,-0.312244608998299
0.341346434317529,-0.684157784096897
-0.519198270048946,0.152391117066145
0.293844452593476,0.815903344191611
0.583202457055449,0.856241418514401
-0.925386448390782,0.903175189159811
-0.351236773654819,-0.554295018780977
-0.446805974468589,-0.254882673267275
0.273816557601094,0.134769836906344
0.682868516538292,0.0226792031899095
0.776150822639465,0.101924329530448
0.790744346566498,0.954715571831912
-0.146900855470449,-0.552844758611172
-0.0135166230611503,0.102014026138932
0.957493447232991,0.225447158329189
0.653329831548035,0.192227020859718
-0.0855794413946569,-0.000661197584122419
0.652547636535019,-0.0684940996579826
-0.427786204963923,-0.517196181230247
0.148810494225472,0.601991549134254
-0.393600426614285,-0.515605393331498
0.0627983007580042,0.0780388978309929
0.995007884688675,-0.00268778996542096
0.598992905113846,0.528679824434221
0.0397724509239197,0.294639826752245
-0.14834633981809,-0.736399056389928
-0.834477144759148,-0.157176851294935
-0.749864638317376,0.288132380694151
0.42749662976712,-0.312209366820753
-0.272970073856413,0.187489167787135
-0.523538127541542,0.805635296273977
-0.505315591581166,-0.444382220041007
0.36076393770054,0.20085165463388
0.782409352716058,0.74284035153687
-0.876843278296292,0.810986902099103
0.953353067394346,-0.426956077571958
0.193528650794178,-0.637518463190645
0.571264252066612,0.519521156791598
-0.083129352889955,-0.725942987482995
0.838193960953504,-0.878539060708135
0.597703359089792,0.864492080174387
0.335645388346165,-0.282492411322892
0.497952563222498,-0.875401544384658
0.0120410630479455,0.124124727211893
-0.59412658913061,-0.0183469480834901
0.361382894683629,0.523257839959115
0.111574037931859,-0.313758871518075
0.161702853161842,0.106781801674515
-0.32383105205372,-0.667024561204016
0.234284031204879,0.642744691576809
-0.48485012492165,-0.707971982192248
-0.589362802915275,0.900681231636554
-0.662390113342553,0.316248759161681
0.556537982542068,0.630650044884533
0.223932122811675,0.835900263860822
0.507247420027852,-0.821714820340276
0.0815963624045253,0.155851912684739
0.979728308971971,-0.697322544641793
0.725362477358431,-0.583929615095258
-0.24402173422277,0.427369154989719
0.950746825430542,-0.809888739604503
0.915715761948377,0.284993461798877
0.768126955255866,0.655408774036914
0.366359845269471,-0.878147078678012
-0.809464275371283,-0.59255733108148
-0.406404038891196,-0.0305614797398448
0.137789219617844,-0.828173818066716
0.0676908632740378,0.358777044340968
0.992064268328249,-0.406984497793019
0.468121447134763,-0.670798980165273
-0.995485944207758,0.388881391845644
-0.510985472705215,-0.823499989695847
0.490822785533965,0.972451531793922
-0.958856761455536,-0.359228094108403
-0.393067509867251,0.986941474024206
-0.69780911039561,-0.920847211033106
-0.567401889245957,0.475018334109336
-0.375408709049225,-0.480071650352329
-0.109930488746613,-0.779276906978339
-0.401302915066481,-0.132750754710287
-0.240580161102116,-0.848419689573348
0.513041025027633,0.206439492758363
0.861124182119966,-0.844451286830008
-0.871739665977657,-0.807582904119045
-0.322262833360583,0.299182209651917
-0.845948305446655,0.788468616083264
0.336913290899247,-0.993898997548968
0.833115644752979,0.559292333200574
-0.648786624427885,-0.391493956558406
-0.778294288553298,0.735011207405478
0.255912441760302,-0.444675744976848
-0.695110869593918,-0.124164383392781
0.222072387579829,-0.820587412454188
0.334617791697383,-0.0999498427845538
0.324932262767106,-0.484171841759235
0.289697179105133,0.735739555675536
0.419386667665094,-0.00308713270351291
-0.555599100887775,-0.491270852740854
0.491378298029304,0.109342643991113
-0.714796066749841,-0.511684544850141
-0.467646385077387,0.359236179850996
0.122387891635299,0.956669581122696
0.643796869087964,-0.371258384082466
0.587332129012793,-0.110297352541238
-0.58856609556824,-0.049392141867429
-0.555213486310095,0.826333498582244
0.337965481448919,-0.148881925269961
0.140030899550766,0.354366468265653
-0.296493752859533,0.746738758869469
0.437075176276267,0.471720954403281
-0.739112642128021,0.780833730474114
-0.149518869817257,0.742368686012924
0.232667491305619,-0.380998726002872
-0.669387489557266,-0.0372656090185046
0.602444541174918,-0.443654307629913
0.986222595442086,-0.547706915996969
-0.135322535876185,-0.38793504005298
0.396329345647246,0.0941677442751825
0.926232932601124,-0.771097905002534
0.370239647570997,-0.313962711021304
-0.302798085380346,0.494036123156548
0.521957047749311,-0.465858377981931
-0.344504210632294,0.0384621643461287
-0.810344624333084,0.4712526910007
-0.231601808220148,-0.972099864389747
-0.386990857776254,0.357902312185615
0.880591957364231,-0.597572202328593
-0.0315496167168021,-0.792496686335653
0.858780323062092,0.647783828433603
0.688326471950859,0.474183158017695
-0.873074636328965,0.654012957587838
-0.271489343140274,0.854544475674629
-0.287783050909638,0.0333859259262681
-0.180131018627435,-0.583852651063353
0.10785488365218,-0.135874450672418
-0.499785788822919,0.947148725856096
-0.837900033220649,-0.55291194608435
0.123132167384028,-0.266157382167876
0.129008814692497,0.635956832673401
0.772475838195533,-0.923546634148806
0.856433966197073,-0.316914062015712
-0.0735202366486192,-0.412202154751867
0.421712798532099,0.39223722461611
0.261813533492386,0.0371487424708903
-0.191086885984987,-0.839184143580496
0.549744873773307,-0.394943229388446
0.26608311990276,0.455770116765052
-0.367203658912331,0.376823421102017
-0.715562297031283,0.28654223587364
0.805917215533555,-0.593025559093803
-0.598250433802605,-0.438429220113903
-0.487555981613696,0.375329075846821
0.847979018464684,-0.0113402805291116
-0.278086917474866,-0.358822874259204
0.272460852283984,0.0287459357641637
0.384288070257753,0.208382321987301
0.178340413141996,0.625330570153892
0.36240266636014,-0.234105712268502
-0.679659327492118,-0.19203384546563
-0.0713209537789226,-0.357285507954657
0.379000808577985,-0.397364747244865
-0.381959378253669,-0.866110400762409
0.929656416643411,-0.563802609220147
-0.172853836789727,-0.0950591866858304
-0.526202445384115,-0.574791103135794
-0.653044004924595,0.959183797240257
-0.0693202763795853,-0.0942872334271669
0.599656513892114,-0.835794785991311
0.0861821244470775,-0.438706469256431
0.92049724701792,-0.611847018357366
-0.604563461150974,0.354587196838111
0.920456437394023,0.346689155790955
-0.999609398189932,-0.861727056093514
0.0494100390933454,-0.0703579015098512
-0.778444889001548,-0.869967853650451
-0.91465408122167,-0.0673086144961417
0.361714673228562,-0.0622526993975043
-0.022599991876632,0.501129539683461
0.640264135785401,0.161345622036606
-0.11227747425437,-0.530239870771766
-0.879549591802061,0.524325732141733
-0.953782927244902,0.8288379968144
0.872671469114721,-0.674643947742879
0.314228186849505,0.197086510714144
0.486939874943346,0.508848343510181
0.191943583544344,0.444880465045571
-0.804950600489974,0.30586561281234
-0.92561775771901,0.477733266539872
-0.123624690808356,-0.0455002244561911
-0.748677359893918,-0.703305979724973
-0.419651907868683,0.182821644935757
0.0140343261882663,-0.981934845913202
0.906862499658018,-0.0757034560665488
0.687631690874696,-0.381311840377748
0.864838968031108,0.587045003660023
-0.563703048974276,-0.197659739758819
0.780777174048126,0.494227243587375
0.851565971504897,-0.769939822610468
-0.244327758904546,0.791981123853475
-0.0276508163660765,0.443191358353943
0.478883500676602,-0.104641607031226
0.665869012009352,0.856453111860901
0.412469587754458,-0.342211581300944
-0.225429117679596,-0.108251719269902
0.2630261965096,0.0198890049941838
0.647823106031865,0.526468134485185
-0.760516195558012,0.0641309251077473
-0.63419429725036,-0.298213523812592
0.422554491087794,0.0720965694636106
0.761621533427387,0.699350737966597
-0.159322111401707,-0.752747334074229
-0.110261201858521,-0.338470704387873
-0.320397037547082,0.819507539272308
0.586284792516381,-0.672594392672181
-0.754654799588025,-0.648321958258748
-0.420369676314294,-0.282278283499181
-0.615773680619895,-0.540514060296118
0.782909235917032,-0.139375346247107
0.944857472088188,-0.420338960364461
0.962288570124656,-0.243330234196037
0.858628897927701,0.270120922010392
0.355707657523453,-0.00412047421559691
-0.295817077159882,-0.572915053926408
0.961660292930901,-0.396473122294992
0.707584550138563,-0.585247717332095
0.707028177101165,0.651181556750089
-0.942252174951136,0.229643748141825
0.605768747627735,0.569513204973191
0.336794104427099,0.731347248423845
0.700961539521813,0.0310171646997333
-0.0749336713925004,-0.859942885115743
-0.863695409148932,0.764331934042275
-0.686072627548128,-0.683526027482003
-0.757806960958987,-0.368959218729287
0.82065178733319,-0.490836393088102
0.938823153730482,0.110197452828288
0.948217179160565,0.320552680175751
-0.294964345637709,0.779503102879971
0.632446405943483,-0.395755153615028
-0.671254325192422,0.963650104124099
-0.46073857601732,-0.669819242320955
0.217510986607522,-0.986095617990941
-0.432834194041789,0.55726967798546
0.868804946076125,0.45412864908576
-0.101059516891837,-0.802847509738058
0.700436715036631,0.736207677982748
-0.544307356700301,-0.861347162164748
0.412631909828633,-0.762715272605419
0.575601754710078,0.837403752841055
0.248086113482714,0.0584992314688861
-0.769529662560672,0.365075802896172
-0.0437034443020821,0.286045987159014
0.206016674172133,-0.809723011218011
-0.308817858342081,-0.504330866504461
-0.637163665611297,0.782378939446062
0.998829689342529,-0.812023591715842
-0.860415441915393,0.365902336314321
0.51016845414415,-0.94080063700676
0.147031411528587,-0.255434795282781
0.530953088775277,-0.663062775507569
0.312516206409782,0.10916662029922
0.782852275297046,-0.659791014622897
-0.0637312391772866,-0.328985676169395
0.406357185915112,0.252012745011598
0.320397290401161,0.363422834780067
0.274819544516504,-0.110397178214043
-0.878619655035436,0.160008531529456
-0.223669551312923,-0.792845791671425
-0.0117925540544093,-0.178355652373284
0.221899360883981,0.862371611874551
0.739197434391826,-0.329586563631892
-0.823165361303836,0.265960401389748
0.159497857559472,-0.34949806611985
-0.930222284514457,-0.731319211889058
-0.659989872947335,-0.0474785291589797
-0.814235009253025,0.141150593757629
-0.910888728685677,0.821360036265105
-0.743567280005664,0.661571390926838
-0.148857933003455,0.147783597931266
0.529563373420388,0.511722762137651
0.343905108515173,0.905087078921497
-0.31707417499274,0.980424463748932
-0.0152749679982662,0.491696854121983
-0.805965017061681,0.652470120694488
0.876322566531599,0.537288199178874
-0.880052771419287,-0.997588308528066
-0.293917020782828,-0.270716992206872
0.842859286349267,0.290801681112498
0.305988341104239,-0.335436103399843
0.650985125917941,-0.335786540526897
-0.759694918990135,-0.961155449040234
0.393329172860831,0.0340839666314423
-0.563201019540429,0.193826285656542
0.905197942163795,-0.403101257048547
-0.934049591887742,-0.00871605891734362
0.411618540529162,-0.283285841345787
0.0687844958156347,0.753406506031752
0.287676727864891,0.548699921462685
-0.328055423218757,-0.200575748458505
0.0272066737525165,-0.772693853359669
0.412137514445931,0.45999440504238
0.11200433364138,-0.354158233385533
0.181076264940202,-0.375847459770739
-0.365038581658155,-0.903525954578072
0.736133363563567,0.700444486457855
-0.708014635834843,0.51391300233081
0.631475439760834,0.327206118497998
0.599764238111675,-0.880623097065836
0.831948639824986,-0.269327397458255
-0.0293966592289507,0.811449721921235
0.542009254917502,-0.83018510742113
-0.782505188602954,-0.777578993700445
-0.667038771789521,0.791348503436893
-0.152022291440517,0.601181297563016
0.0258062169887125,0.145975023042411
-0.322446224279702,0.894961478654295
0.703833376988769,0.432982474565506
-0.996908255387098,-0.312847146764398
-0.404513514135033,-0.83006138773635
-0.780251034535468,0.5231864284724
0.379031881224364,-0.749695528298616
0.535147566813976,0.452861479949206
0.211446780711412,0.0521826199255884
-0.657517526764423,-0.317449632100761
0.874731935095042,-0.270084791816771
-0.844463129062206,-0.802345218136907
0.469729513395578,0.774011505302042
-0.348744883202016,0.876206133980304
-0.492035897448659,-0.61583941616118
0.263323002960533,0.323918293695897
0.275270350743085,0.66517647402361
-0.887030096258968,-0.489599999040365
-0.784069338347763,0.869801422581077
0.380877629388124,0.913555750157684
0.75092691835016,0.723591218702495
-0.21788612101227,-0.80419606808573
-0.81583451712504,-0.648324487265199
0.0376809276640415,-0.278183151967824
-0.780032615642995,0.45436287811026
0.880028869491071,-0.198073519859463
0.384771873708814,0.0554353124462068
0.414331448730081,0.923257512506098
0.623719666153193,0.0736064915545285
0.00157927628606558,0.39173212274909
0.767570894211531,0.93812957033515
0.592060903087258,-0.824098165147007
0.52160965371877,-0.011836027726531
0.614953388925642,-0.539875931106508
0.364877496380359,0.631599789950997
-0.0280561987310648,0.0895235715433955
-0.667210438288748,-0.293469068128616
0.691398554481566,0.0178256751969457
-0.173670947551727,-0.694063718430698
0.100917945150286,0.858810433186591
0.717430880758911,0.769539819099009
-0.5586879379116,-0.930908109992743
-0.675005437340587,0.160709805320948
0.916626900434494,0.548799720127136
-0.35363941732794,-0.586719731334597
-0.171847856603563,0.184353947639465
0.499693356920034,-0.651726542506367
0.594534922391176,0.209244696423411
0.798801360651851,0.938743977807462
0.954638157039881,0.73386607458815
0.867849770002067,-0.0264614424668252
0.385233731474727,-0.615191618446261
-0.528679718729109,0.0583925191313028
0.798538440372795,-0.865967967081815
0.247902411036193,-0.666437796317041
-0.228424191474915,-0.272542687598616
-0.376100983470678,-0.870128522161394
0.850972787011415,0.278162830509245
0.720678641926497,-0.505376474466175
0.0283762905746698,0.582396464422345
0.349448113236576,0.70993368467316
-0.0578566654585302,-0.942863440606743
-0.0759509620256722,-0.948447839356959
0.0668863714672625,-0.695655566640198
-0.37732568429783,-0.871806988492608
-0.114634636323899,-0.0865413788706064
-0.914425162598491,-0.919151602312922
-0.523638007231057,-0.927927794400603
0.980787399690598,0.873992906417698
-0.472775008529425,-0.998639160767198
0.861635653767735,0.891815065406263
-0.96613649232313,-0.819063844624907
-0.23957557650283,-0.506497268564999
0.881022895686328,-0.903196389786899
0.31613400625065,0.316934985574335
-0.0491577391512692,0.503871995955706
-0.846865095198154,-0.0186138697899878
0.255382573697716,0.0821505482308567
-0.397417740896344,-0.595331639517099
0.457892640959471,-0.832286519929767
0.641360422596335,0.342625497840345
0.483109591528773,-0.714334721677005
0.889179947786033,0.557443688623607
-0.253685550764203,0.719387628603727
0.328119752928615,-0.611825357656926
0.0946081914007664,-0.182451415807009
-0.81675605289638,0.0988143519498408
-0.948511199560016,0.44512892421335
-0.0657905377447605,-0.8664232455194
-0.0513349683023989,0.965068507008255
0.890334045980126,-0.358382997568697
-0.107967643532902,0.821716438047588
-0.694730449933559,0.672932732384652
0.0318932044319808,-0.775890115182847
-0.512579368427396,-0.851709225680679
-0.723395668901503,-0.291434544604272
0.77244508638978,0.827127770055085
-0.93195116519928,-0.199877815321088
0.384645636659116,-0.646302475128323
-0.200887979008257,0.98636855604127
-0.794206781312823,0.319760892074555
0.383093492127955,0.39000135473907
0.336975059006363,-0.996897201519459
-0.561967943795025,-0.839683883357793
-0.00791770219802856,0.910512522794306
-0.839226430281997,0.589592022821307
0.132134404499084,0.041523149702698
0.046562010422349,0.89915768429637
0.999009717255831,0.266405258793384
0.220590417273343,-0.935391379054636
-0.566315473988652,-0.329311833716929
-0.887257461901754,-0.85604755114764
-0.833679384086281,0.906178048346192
0.816336430609226,-0.296104717999697
-0.457498546689749,-0.464330725371838
0.723893541842699,-0.846278065349907
-0.110852363985032,0.800524106249213
0.629377061035484,0.505257899872959
